_id,ltable_ID,rtable_ID,ltable_Title,ltable_Developer,ltable_Publisher,ltable_Platform,ltable_Genre,ltable_Rating,ltable_ReleaseDate,ltable_CleanRDate,rtable_Title,rtable_Developer,rtable_Publisher,rtable_Platform,rtable_Genre,rtable_Rating,rtable_ReleaseDate,rtable_CleanRDate,gold_label
913082,a7987,b7683,Total Control Football,Blue Sky Software,Philips Media,PC,Simulation|Sports|Team-Based|Football (American),3.0,31 Oct 1996,1996-10-31,Total Annihilation,Cavedog Entertainment,GT Interactive,PC,Real-time strategy,8.2,30 September 1997,1997-09-30,0
231382,a1983,b2008,Dragon Ball Z: Shin Budokai - Another Road,Dimps Corporation,Bandai Namco Games|Bandai|Atari SA,PSP,3D|Fighting|Action,8.5,20 Mar 2007,2007-03-20,Dragon Ball Z: Shin Budokai - Another Road,Dimps,Atari,PSP,,7.6,20 March 2007,2007-03-20,1
304609,a2588,b2606,Final Fantasy VIII,SquareSoft,SquareSoft|Eidos Interactive|Square Enix|Square EA|SCE Australia,PC|PlayStation,Role-Playing,9.1,7 Sep 1999,1999-09-07,Final Fight Guy,Capcom,Capcom,Super Nintendo,Beat 'em up,6.3,,,0
298331,a1418,b2571,Crisis Core: Final Fantasy VII,Square Enix,Square Enix,PSP,Action|Role-Playing,9.1,24 Mar 2008,2008-03-24,Final Fantasy V,Square,Square,Android|Emulated|Game Boy Advance|iOS|PC|PlayStation|PlayStation 3|PlayStation Vita|PSP|Super Nintendo,Role-Playing,8.0,,,0
771435,a843,b6710,Bomberman '93,Hudson,Hudson Soft|Hudson|Turbo Technologies|Inc.|Konami,TurboGrafx-16,Action|Puzzle,7.9,1993,1993-01-01,Super Bomberman 4,Produce,Hudson Soft,Super Nintendo,Action|Puzzle,8.7,,,0
467100,a2141,b4157,EA Sports MMA,EA Sports|EA Tiburon,Electronic Arts|EA Sports,iOS (iPhone/iPad)|PlayStation 3|Xbox 360,Boxing|Sports,7.7,19 Oct 2010,2010-10-19,Mario Sports Mix,Square Enix|Nintendo SPD Group No.4,Nintendo,Wii,Sports,7.2,07 February 2011,2011-02-07,0
329118,a2428,b2834,Faces of War,Best Way,Ubisoft|1C|Mastertronic,PC,Strategy|Real-Time,7.8,12 Sep 2006,2006-09-12,Gears of War,Epic Games,Microsoft Game Studios,PC|Xbox|Xbox 360|Xbox One,Third-Person|Shooter,7.8,07 November 2006,2006-11-07,0
519386,a3356,b4530,Hybrid (2012),5TH Cell,Microsoft Game Studios,Xbox 360,Action|Shooter|Tactical|Third-Person,7.2,8 Aug 2012,2012-08-08,Monopoly (2012),Sperasoft,PopCap,PC,Board Game,5.5,30 November 2012,2012-11-30,0
543186,a4942,b4776,Need for Speed: Carbon,Global VR|Exient Entertainment|EA Canada|Rovio Entertainment Ltd|Black Box|EA Games,Global VR|EA Games|Electronic Arts,Arcade Games|DS|Game Boy Advance|GameCube|Macintosh|Mobile|PC|PlayStation 2|PlayStation 3|PSP|Wii|Xbox|Xbox 360|Zeebo,Simulation|Driving/Racing,8.0,31 Oct 2006,2006-10-31,Need for Speed: Underground Rivals,,Electronic Arts,PSP,Racing,5.7,,,0
680572,a6295,b6100,Sega GT 2002,Wow Entertainment,Sega,Xbox,Simulation|Driving/Racing,7.6,2 Sep 2002,2002-09-02,Shinobi (2002),Overworks,Sega,PlayStation 2,Action|Adventure,6.9,10 November 2002,2002-11-10,0
521291,a4550,b4540,Monster Hunter Generations,Capcom,Capcom,3DS,Role-Playing|Action,8.9,15 Jul 2016,2016-07-15,Monster Hunter Portable 3rd,Capcom,Capcom,PlayStation 3|PSP,Action|Role-playing,8.9,,,0
984778,a8836,b8400,Zack & Wiki: Quest for Barbaros' Treasure,Capcom,Capcom|Nintendo,Wii,Adventure,8.3,23 Oct 2007,2007-10-23,Zack & Wiki: Quest for Barbaros' Treasure,Capcom,Capcom,Wii,Point-and-Click|Adventure|Puzzle,7.8,23 October 2007,2007-10-23,1
398749,a3530,b3520,James Bond 007: Everything or Nothing,Griptonite Games|EA Redwood Shores,Electronic Arts|EA Games,Game Boy Advance|GameCube|PlayStation 2|Xbox,Shooter|Third-Person|3D|Action,8.5,17 Nov 2003,2003-11-17,James Bond 007: Nightfire,Eurocom|Gearbox Software,Electronic Arts,Emulated|Nintendo GameCube|PC|PlayStation 2|Xbox,First-Person|Shooter,7.4,18 November 2002,2002-11-18,0
401828,a8166,b3564,Ultimate 8 Ball,Mirage Interactive,THQ|Gremlin Interactive|Zoo Digital Publishing,PC|PlayStation,Billiards|Sports,7.0,31 May 1999,1999-05-31,Jump Ultimate Stars,Ganbarion,Nintendo,Nintendo DS,2D versus fighting,7.5,,,0
181726,a1630,b1614,Dead Rising 4,Capcom Vancouver,Capcom|Microsoft Game Studios,PC|PlayStation 4|Xbox One,Adventure|Action,6.6,6 Dec 2016,2016-12-06,Dead Rising 4,,Microsoft Studios,PC|PlayStation 4|Xbox One,Third-Person|Action|Adventure|Survival,7.2,06 December 2016,2016-12-06,1
31956,a3480,b260,Ion Assault,Black Inc.|bitComposer Games,bitComposer Games|Microsoft Game Studios,PC|PlayStation 3|Xbox 360,Shoot-'Em-Up|Action|2D,6.7,23 Sep 2009,2009-09-23,Alien Breed 2: Assault,Team 17,,PC|PlayStation 3|Xbox 360,Action|Shooter,6.0,22 September 2010,2010-09-22,0
186443,a1651,b1651,Deadly Creatures,Rainbow Studios,THQ,Wii,3D|Action|Platformer,7.6,9 Feb 2009,2009-02-09,Deadly 30,Headup Games,,PC,Action,6.7,,,0
942184,a8312,b8000,Virtua Fighter 3tb,Sega AM2|Genki,Sega,Arcade Games|Dreamcast,3D|Action|Fighting,7.7,1998,1998-01-01,Virtua Tennis,Sega AM-3,Sega,Dreamcast|PC,Sports,7.8,1999,1999-01-01,0
316975,a213,b2727,Alien Resurrection,Argonaut Games,Fox Interactive,PlayStation,Action|First-Person|Shooter|3D,6.5,10 Oct 2000,2000-10-10,Frederic: Resurrection of Music,Forever Entertainment,,PC,Music/Rhythm,6.1,,,0
224278,a1965,b1984,Dragon Ball: Origins,Game Republic,Atari SA|Bandai Namco Games|Namco Bandai Games|Bandai,DS,Action|Adventure,8.3,4 Nov 2008,2008-11-04,Dragon Ball: Origins,Game Republic,Bandai|Atari,Nintendo DS,Action|Adventure,5.8,04 November 2008,2008-11-04,1
646508,a6145,b5778,Rune Factory 2: A Fantasy Harvest Moon,Neverland,Natsume|Rising Star Games|Marvelous,DS,Role-Playing,8.3,18 Nov 2008,2008-11-18,Rune Factory Frontier,Neverland Co.,JP: Marvelous Entertainment|NA: Xseed Games/Marvelous Entertainment USA|EU: Rising Star Games,Wii,Simulation|RPG,7.5,17 March 2009,2009-03-17,0
863458,a7567,b7254,The Legend of Zelda: Link's Awakening,Nintendo,Nintendo,Game Boy|Game Boy Color,Adventure|Action,8.9,August 1993,1993-08-01,The Legend of Zelda: Link's Awakening,Nintendo EAD,Nintendo,Emulated|Game Boy|Game Boy Advance|Game Boy Color|Nintendo 3DS,Action|Adventure,9.0,August 1993,1993-08-01,1
453515,a5621,b4027,Prince of Persia: The Sands of Time,Ubisoft Montreal|Ubisoft,Ubisoft|ak tronic|Sold Out Software,Game Boy Advance|GameCube|PC|PlayStation 2|PlayStation 3|Xbox,Adventure|Action,8.9,28 Oct 2003,2003-10-28,MANOS: The Hands of Fate,FreakZone Games,,PC,Platform,5.7,,,0
178622,a2697,b1594,Forza Horizon 3,PLAYGROUND,Microsoft Game Studios,PC|Xbox One,Driving/Racing|Simulation,8.7,23 Sep 2016,2016-09-23,Dead Horizon,14 Hours Productions,14 Hours Productions,PC,,7.3,11 August 2017,2017-08-11,0
594955,a5609,b5296,Prey (2006),Human Head Studios|Venom Games,3D Realms|Aspyr|2K Games|Sold Out Software|Spike,Linux|Macintosh|PC|Xbox 360,Action|First-Person|Shooter|3D,7.9,11 Jul 2006,2006-07-11,Prey (2006),Human Head Studios|3D Realms|Venom Games,2K Games,PC|Xbox 360,First-Person|Shooter,7.4,11 July 2006,2006-07-11,1
47612,a441,b462,Assassin's Creed Syndicate,Ubisoft Quebec,Ubisoft,PC|PlayStation 4|Xbox One,Adventure|Action,7.2,23 Oct 2015,2015-10-23,Assassin's Creed Chronicles: Russia,Climax Studios,Ubisoft Entertainment,PC|PlayStation 4|PlayStation Vita|Xbox One,Action|Adventure,6.0,09 February 2016,2016-02-09,0
599247,a5636,b5325,Pro Evolution Soccer 2009,Konami|KCET,Konami,PC|PlayStation 2|PlayStation 3|PSP|Wii|Xbox 360,Sports|Team-Based|Simulation|Soccer,7.7,11 Nov 2008,2008-11-11,Pro Evolution Soccer 2010,Konami Computer Entertainment Tokyo,Konami,PC|PlayStation 2|PlayStation 3|Wii|Xbox 360,Sports,6.9,03 November 2009,2009-11-03,0
466453,a4167,b4153,Mario Party 6,Hudson Soft,Nintendo,GameCube,Party/Minigame,8.0,6 Dec 2004,2004-12-06,Mario Party Advance,Hudson Soft,Nintendo,Game Boy Advance,Party,6.3,28 March 2005,2005-03-28,0
310964,a2668,b2666,Football Manager 2012,Sports Interactive,Sega|Sega Europe,Macintosh|PC|PSP,Soccer|Sports|Team-Based|Management,8.1,20 Oct 2011,2011-10-20,Football Manager 2009,Sports Interactive,Sega,PC,Sports|Simulation,8.0,,,0
199540,a218,b1784,Alien Trilogy,Probe Entertainment Limited,Acclaim|Acclaim Japan|Tec Toy,PC|PlayStation|Saturn,First-Person|Shooter|3D|Action,6.9,February 1996,1996-02-01,Die Hard Trilogy,Probe Entertainment,Fox Interactive,PC|PlayStation|Sega Saturn,First-person shooter|Third-person Shooter,6.5,20 August 1996,1996-08-20,0
339688,a2954,b2925,GoldenEye 007 (2010),n-Space|Eurocom Entertainment Software,Activision|Nintendo,DS|Wii,Shooter|3D|Action|First-Person,8.4,2 Nov 2010,2010-11-02,GoldenEye 007 (2010),Eurocom|n-Space(DS),Activision|Nintendo (Japan),Wii,First-person shooter,7.3,02 November 2010,2010-11-02,1
227958,a1985,b1996,Dragon Ball Z: Supersonic Warriors 2,Arc System Works,Atari SA|Bandai,DS,Fighting|Action|2D,8.2,20 Nov 2005,2005-11-20,Dragon Ball Z: Budokai Tenkaichi,Spike,Atari|Bandai Namco|Bandai Games,PlayStation 2,Fighting,7.0,18 October 2005,2005-10-18,0
924637,a2528,b7811,FIFA Soccer (2012),Electronic Arts,EA Sports|Electronic Arts,PlayStation Vita,Team-Based|Simulation|Soccer|Sports,8.1,15 Feb 2012,2012-02-15,Twisted Metal (2012),Eat Sleep Play,Sony Computer Entertainment,PlayStation 3,Car Combat,6.6,14 February 2012,2012-02-14,0
147616,a6716,b1304,Space Bunnies Must Die!,Jinx,Ripcord Games,PC,Action,5.1,31 Oct 1998,1998-10-31,Commander Keen 3: Keen Must Die!,id Software,Apogee Software,PC,Scrolling|Platform,6.5,,,0
120102,a1026,b1069,Call of Duty: World at War,n-Space|Treyarch|Exakt,Activision,DS|PC|PlayStation 3|Wii|Xbox 360,3D|Action|First-Person|Shooter,8.4,10 Nov 2008,2008-11-10,Call of Juarez: Bound in Blood,Techland,Ubisoft,PC|PlayStation 3|Xbox 360,First-Person|Shooter,7.4,30 June 2009,2009-06-30,0
341250,a5372,b2955,Patrician III: Rise of the Hanse,Ascaron Entertainment GmbH,Encore Software|Inc.|Kalypso|Infogrames,PC,Strategy|Real-Time,8.1,31 Oct 2003,2003-10-31,Gothic II: Night of the Raven,Piranha Bytes,JoWood|Aspyr,PC,Role-Playing,9.1,,,0
776636,a388,b6735,Army Men Advance,DC Studios,3DO,Game Boy Advance,Shooter|Third-Person|3D|Action,5.7,10 Jun 2001,2001-06-10,Super Mario Advance,Nintendo Entertainment Analysis and Development,Nintendo,Emulated|Game Boy Advance|Wii U,Adventure,7.8,2001,2001-01-01,0
283546,a2463,b2463,Far Cry,Crytek|Ubisoft Montreal,Ubisoft|Mastertronic|Sold Out Software|Frontier Groove,PC|PlayStation 3|Wii|Xbox|Xbox 360,Shooter|3D|Action|First-Person,8.8,23 Mar 2004,2004-03-23,Far Cry,Crytek,Ubisoft,PC|Xbox,First-person shooter,7.5,23 March 2004,2004-03-23,1
3152,a31,b35,2010 FIFA World Cup South Africa,Electronic Arts|EA Canada,EA Sports,iOS (iPhone/iPad)|PlayStation 3|PSP|Wii|Xbox 360,Simulation|Soccer|Sports|Team-Based,8.2,26 Apr 2010,2010-04-26,2010 FIFA World Cup South Africa,EA Canada|HB Studios,EA Sports,PlayStation 3|Wii|Xbox 360,Sports,7.2,27 April 2010,2010-04-27,1
35744,a242,b300,Alone in the Dark: The New Nightmare,Darkworks|Pocket Studios|Spiral House,Infogrames|Sold Out Software|CyberFront|Atari SA|Capcom|SCEA,Dreamcast|Game Boy Color|PC|PlayStation|PlayStation 2,Action|Adventure|Survival|3D,7.2,18 Jun 2001,2001-06-18,Alone in the Dark: The New Nightmare,Darkworks|Spiral House (Windows/PS2),Infogrames,Dreamcast|Game Boy Color|PC|PlayStation|PlayStation 2,Survival horror|action adventure,6.3,18 June 2001,2001-06-18,1
875519,a7611,b7318,The Mummy Demastered,WayForward,WayForward,Nintendo Switch|PC|PlayStation 4|Xbox One,Platformer|2D|Action,6.4,24 Oct 2017,2017-10-24,The Mummy Demastered,WayForward,WayForward,Nintendo Switch|PC|PlayStation 4,Action|Adventure,6.9,24 October 2017,2017-10-24,1
299902,a2575,b2582,Final Fantasy IV: The After Years,Square Enix|Matrix Software,Square Enix,Android|iOS (iPhone/iPad)|Mobile|PC|Wii,Role-Playing,7.1,1 Jun 2009,2009-06-01,Final Fantasy XIII,Square Enix,Square Enix,PC|PlayStation 3|Xbox 360,Role-Playing,7.5,17 December 2009,2009-12-17,0
502123,a3253,b4408,Hexcite Fusion,Square Enix,Square Enix,Mobile,Puzzle,,Release Unknown Date,,Metroid Fusion,Nintendo R&amp;D1,Nintendo,Android|Emulated|Game Boy Advance|Nintendo 3DS|Nintendo DS|Wii U,Action|Adventure|Shooter,8.4,17 November 2002,2002-11-17,0
779776,a98,b6745,Aces of the Galaxy,Artech Studios,Sierra Online|Activision|Sierra Entertainment,PC|Xbox 360,Action|Shooter|Third-Person|3D,7.4,4 Jun 2008,2008-06-04,Super Mario Galaxy,Nintendo EAD Tokyo,Nintendo,PC|Wii|Wii U,Third-Person|Adventure,9.0,12 November 2007,2007-11-12,0
617203,a1518,b5521,Dance Dance Revolution,Konami,Konami,Arcade Games|PC|PlayStation,Music/Rhythm,8.3,9 May 2001,2001-05-09,Rayman 2: Revolution,Ubisoft,Ubisoft,PlayStation 2,Platform,6.6,30 January 2001,2001-01-30,0
543205,a4963,b4776,Need for Speed,Ghost Games,Electronic Arts,PC|PlayStation 4|Xbox One,Driving/Racing|Simulation,7.0,3 Nov 2015,2015-11-03,Need for Speed: Underground Rivals,,Electronic Arts,PSP,Racing,5.7,,,0
294984,a2583,b2556,Final Fantasy: The 4 Heroes of Light,Matrix Software,Square Enix,DS,Role-Playing,7.4,5 Oct 2010,2010-10-05,Final Fantasy IV: The Complete Collection,Bullet Ltd,Square Enix,Emulated|PlayStation Vita|PSP,Role-playing,8.2,19 April 2011,2011-04-19,0
947791,a2831,b8064,Game of Thrones,Cyanide,ATLUS|Focus Home Interactive,PC|PlayStation 3|Xbox 360,Role-Playing,6.8,15 May 2012,2012-05-15,War of the Roses,Fatshark,Paradox Interactive,PC,,5.5,02 October 2012,2012-10-02,0
761756,a6995,b6639,Stick it to the Man!,Zoink!,Ripstone|Zoink!|System 3|Play It|Unity Games Japan,Macintosh|Nintendo Switch|PC|PlayStation 3|PlayStation 4|PlayStation Vita|Wii U|Xbox One,Action|Platformer|3D,7.2,12 Nov 2013,2013-11-12,Street Fighter X Mega Man,Capcom,Capcom,PC,Platform,7.0,17 December 2012,2012-12-17,0
352128,a3084,b3059,Guitar Hero III: Legends of Rock,Aspyr|Neversoft Entertainment|BudCat|Vicarious Visions,Activision|Aspyr|RedOctane,Macintosh|PC|PlayStation 2|PlayStation 3|Wii|Xbox 360,Music/Rhythm,8.6,28 Oct 2007,2007-10-28,Guitar Hero II,Harmonix Music Systems,RedOctane|Activision,PlayStation 2|Xbox 360,Rhythm,8.2,07 November 2006,2006-11-07,0
672513,a6439,b6034,Shonen Jump's Shaman King: Legacy of the Spirits Soaring Hawk,KCEJ,Konami,Game Boy Advance,Action|Adventure,7.7,8 Feb 2005,2005-02-08,Shaman King: Master of Spirits 2,Konami,Konami,Game Boy Advance,Adventure,7.5,02 August 2005,2005-08-02,0
877662,a7424,b7343,The Cave (2013),Double Fine Productions,Double Fine Productions|Sega,Android|iOS (iPhone/iPad)|Linux|Macintosh|Ouya|PC|PlayStation 3|Wii U|Xbox 360,Platformer|2D|Action,7.6,22 Jan 2013,2013-01-22,The Plan (2013),Krillbite Studio,Krillbite Studio,Linux|Mac|PC,Interactive Art,6.3,10 February 2013,2013-02-10,0
11404,a89,b143,Ace Combat 5: The Unsung War,Project Aces,SCEE|Namco|SCEI,PlayStation 2,Flight|Simulation,9.0,25 Oct 2004,2004-10-25,Ace Combat 5: The Unsung War,Project Aces,JP/NA: Namco|EU: SCEE,PlayStation 2,Arcade|Flight Combat,8.4,25 October 2004,2004-10-25,1
963198,a7463,b8198,The Evil Within,Tango Gameworks,Bethesda Softworks,PC|PlayStation 3|PlayStation 4|Xbox 360|Xbox One,Action|3D|Adventure,7.4,14 Oct 2014,2014-10-14,Without Within,InvertMouse,InvertMouse,PC,Visual Novel,5.5,22 January 2015,2015-01-22,0
276908,a2526,b2390,FIFA Soccer 2004,Exient Entertainment|EA Canada,EA Sports|Electronic Arts|ak tronic,Game Boy Advance|GameCube|N-Gage|PC|PlayStation|PlayStation 2|Xbox,Team-Based|Simulation|Soccer|Sports,7.8,4 Nov 2003,2003-11-04,FIFA 2004,EA Canada|Exient Entertainment (GBA/N-Gage),Electronic Arts,Nintendo GameCube|PC|PlayStation|PlayStation 2,Sports,5.8,04 November 2003,2003-11-04,1
919152,a8048,b7744,Trapt,Paon Corporation,Tecmo|SCEA|Take-Two Interactive,PlayStation 2,Strategy,7.5,1 Nov 2005,2005-11-01,Trapt,Tecmo,Tecmo,PlayStation 2,Action|Strategy,7.5,01 November 2005,2005-11-01,1
93955,a827,b864,Blur,Bizarre Creations,Activision|Mastertronic|Square Enix,PC|PlayStation 3|Xbox 360,Driving/Racing|Arcade,7.9,25 May 2010,2010-05-25,Blur,Bizarre Creations,Activision,PC|PlayStation 3|Xbox 360,Racing|Vehicular combat,7.3,25 May 2010,2010-05-25,1
850218,a5292,b7202,Over G Fighters,Taito Corporation,Ubisoft|Taito Corporation,Xbox 360,Simulation|Flight,6.4,27 Jun 2006,2006-06-27,The King of Fighters '99,SNK,SNK,Arcade|Dreamcast|Neo Geo|PlayStation,Fighting,7.2,,,0
267738,a2244,b2268,Enter the Gungeon,Dodge Roll,Devolver Digital|Dodge Roll|GHI Media|LLC,Linux|Macintosh|Nintendo Switch|PC|PlayStation 4|Xbox One,Action,8.0,5 Apr 2016,2016-04-05,Enter the Gungeon,Dodge Roll,Devolver Digital,Nintendo Switch|PC|PlayStation 4,Roguelike,7.9,05 April 2016,2016-04-05,1
524950,a4591,b4573,Mortal Kombat: Tournament Edition,Criterion Games,Midway,Game Boy Advance,2D|Action|Fighting,7.7,27 Aug 2003,2003-08-27,Mortal Kombat: Deadly Alliance,Midway,Midway,Game Boy Advance|Nintendo GameCube|PlayStation 2|Xbox,Fighting,7.1,16 November 2002,2002-11-16,0
232080,a1965,b2010,Dragon Ball: Origins,Game Republic,Atari SA|Bandai Namco Games|Namco Bandai Games|Bandai,DS,Action|Adventure,8.3,4 Nov 2008,2008-11-04,Dragon Ball Z: Super Butouden 2,,Bandai,Super Nintendo,Fighting,5.9,,,0
516623,a4462,b4500,Mini Ninjas,Magic Pockets|Io Interactive,Eidos Interactive|Warner Bros. Interactive Entertainment|Square Enix|Feral Interactive,DS|iOS (iPhone/iPad)|Macintosh|PC|PlayStation 3|Wii|Xbox 360,Action|Adventure,7.8,8 Sep 2009,2009-09-08,Mini Ninjas,IO Interactive|Magic Pockets,Eidos Interactive|Warner Bros. (USA),PC|PlayStation 3|Wii|Xbox 360,Action-adventure,7.2,08 September 2009,2009-09-08,1
403029,a3602,b3582,Just Cause 3,Avalanche Studios|Square Enix,Square Enix|Bandai Namco Games,PC|PlayStation 4|Xbox One,Action|Adventure,7.0,30 Nov 2015,2015-11-30,Just Cause 3: Sky Fortress DLC,Avalanche Studios,Square Enix,PC|PlayStation 4|Xbox One,Action|Adventure,6.8,08 March 2016,2016-03-08,0
813245,a7270,b6909,Tales of Graces,Namco Bandai Games|Bandai Namco Games,Namco Bandai Games|Bandai Namco Games,PlayStation 3|Wii,Role-Playing|Action,8.4,13 Mar 2012,2012-03-13,Tales of Rebirth,Namco Tales Studio,Namco,PlayStation 2|PSP,Role-playing,8.0,,,0
186783,a1753,b1654,Deus Ex: Human Revolution - Director's Cut,Eidos Montreal|Straight Right,Feral Interactive|Square Enix,Macintosh|PC|PlayStation 3|Wii U|Xbox 360,Action|Adventure,8.2,22 Oct 2013,2013-10-22,Deadly Premonition: Director's Cut,ToyBox,Rising Star Games,PC|PlayStation 3,Open World|Survival Horror,7.6,30 April 2013,2013-04-30,0
88185,a2660,b803,Flying Corps,Rowan Software Ltd.,Empire Interactive,PC,Flight|Simulation,7.6,November 1997,1997-11-01,Blast Corps,Rare,Nintendo,Nintendo 64|Xbox One,Action|Puzzle,6.9,24 March 1997,1997-03-24,0
409554,a3700,b3666,Kingdom Hearts HD 2.8 Final Chapter Prologue,Square Enix,Square Enix,PlayStation 4,Role-Playing|Action,7.5,24 Jan 2017,2017-01-24,Kingdom Hearts Final Mix,Square Enix,Square Enix,PlayStation 2|PlayStation 3|PlayStation 4,Action|Role-Playing,8.4,,,0
809275,a7817,b6899,Time of Defiance,Nicely Crafted,Oxygen Interactive|Strategy First,PC,Real-Time|Strategy,7.0,28 Sep 2004,2004-09-28,Tales of Innocence,Alfa System,Namco Bandai,Nintendo DS,Role-playing,5.8,,,0
617537,a561,b5527,Baseball Advance,Smilebit,Sega|THQ,Game Boy Advance,Arcade|Baseball|Sports|Team-Based,8.4,20 Mar 2002,2002-03-20,Rayman Advance,Digital Eclipse Software,Ubisoft,Game Boy Advance,Action|Platform,7.5,10 June 2001,2001-06-10,0
677925,a6414,b6085,Shin Megami Tensei: Persona 3 Portable,ATLUS,ATLUS|Ghostlight,PSP,Role-Playing,9.1,5 Jul 2010,2010-07-05,Shin Megami Tensei: Persona 3 Portable,Atlus,Atlus,PlayStation Vita|PSP,Turn-Based|Role-Playing|Simulation,8.9,06 July 2010,2010-07-06,1
89767,a780,b817,Bleach: Dark Souls,Treasure,Sega|Sega Europe,DS,2D|Fighting|Action,8.6,7 Oct 2008,2008-10-07,Bleach: Dark Souls,Treasure Co. Ltd,Sega,Nintendo DS,Fighting,7.2,07 October 2008,2008-10-07,1
334179,a2883,b2872,Ghost in the Shell,Exact,SCEE|SCEI|THQ,PlayStation,Simulation,7.8,31 Oct 1997,1997-10-31,Ghost in the Shell,Exact,THQ|SCEE,PlayStation,Third-Person|Action|Shooter,7.5,03 November 1997,1997-11-03,1
566391,a5276,b5008,Outlast,Red Barrels,Red Barrels,Linux|Macintosh|Nintendo Switch|PC|PlayStation 4|Xbox One,Adventure|Survival|3D|Action,8.0,4 Sep 2013,2013-09-04,Outlast,Red Barrels,Red Barrels,Linux|Mac|PC|PlayStation 4|Xbox One,First-Person|Survival Horror,7.8,04 September 2013,2013-09-04,1
401813,a4767,b3564,Naruto: Ultimate Ninja Heroes,Bandai,Namco Bandai Games|Bandai Namco Games|Atari SA,PSP,3D|Fighting|Action,7.9,28 Aug 2007,2007-08-28,Jump Ultimate Stars,Ganbarion,Nintendo,Nintendo DS,2D versus fighting,7.5,,,0
28649,a8867,b227,Zone of the Enders: The Fist of Mars,WinkySoft,Konami,Game Boy Advance,Strategy|Turn-Based,8.2,3 Mar 2002,2002-03-03,Age of Wonders: Shadow Magic,Triumph Studios,Gathering of Developers,PC,Turn-Based Strategy,8.3,2003,2003-01-01,0
150219,a3110,b1315,Gunstar Super Heroes,Treasure,Sega|THQ,Game Boy Advance,Shoot-'Em-Up|2D|Action,8.6,25 Oct 2005,2005-10-25,Company of Heroes,Relic Entertainment,THQ,PC,Real-Time|Strategy,8.2,12 September 2006,2006-09-12,0
550668,a7624,b4832,The Nightmare of Druaga,Arika,Arika|Namco,PlayStation 2,Roguelike|Role-Playing,5.8,26 Oct 2004,2004-10-26,Nightmare House 2,We Create Stuff,We Create Stuff,PC,First Person Shooter,7.2,,,0
96780,a3984,b896,LostWinds: Winter of the Melodias,Frontier Developments,Frontier Developments|Square Enix,iOS (iPhone/iPad)|PC|Wii,Platformer|3D|Action,8.3,19 Oct 2009,2009-10-19,Borderlands 2: Game of the Year Edition,Gearbox Software,2K Games,Linux|Mac|PC|PlayStation 3|PlayStation 4|Xbox 360,First-Person|Shooter,8.8,,,0
771259,a852,b6709,Bomberman Live,Backbone Entertainment,Hudson Entertainment|Microsoft,Xbox 360,Action|Puzzle,8.2,18 Jul 2007,2007-07-18,Super Bomberman 3,Hudson Soft,Hudson Soft,Super Nintendo,Action,8.2,,,0
190178,a2556,b1695,Fighting Force,Core Design Ltd.,Crave|Eidos Interactive|Square Enix|Electronic Arts Victor,Nintendo 64|PC|PlayStation,Action|3D|Beat-'Em-Up,7.0,31 Oct 1997,1997-10-31,Delta Force,NovaLogic,NovaLogic,PC,First-person Shooter,6.9,01 November 1998,1998-11-01,0
409540,a3702,b3666,Kingdom Hearts Re:coded,Square Enix|h.a.n.d. Inc.,Square Enix,DS,Action|Role-Playing,7.6,11 Jan 2011,2011-01-11,Kingdom Hearts Final Mix,Square Enix,Square Enix,PlayStation 2|PlayStation 3|PlayStation 4,Action|Role-Playing,8.4,,,0
335905,a2895,b2884,Giants: Citizen Kabuto,Omni Group|Planet Moon Studios|Digital Mayhem,Mac Play|Interplay,Macintosh|PC|PlayStation 2,Action|Shooter|Third-Person|3D,8.6,6 Dec 2000,2000-12-06,Giants: Citizen Kabuto,Planet Moon Studios|The Omni Group (Mac OS X)|Digital Mayhem (Playstation 2),Interplay Entertainment|MacPlay (Mac OS X),PC|PlayStation 2,Third-Person|Shooter,7.6,07 December 2000,2000-12-07,1
186536,a1654,b1653,Deadly Premonition,Access Games,Mastertronic|Rising Star Games|Marvelous|TOYBOX|Marvelous AQL|Ignition Entertainment|Xseed Games,PC|PlayStation 3|Xbox 360,Action|Adventure,7.6,17 Feb 2010,2010-02-17,Deadly Premonition,Access Games,NA: Ignition Entertainment|JP: Marvelous Entertainment|EU: Rising Star Games,PC|PlayStation 3|Xbox 360,Open World|Survival Horror,8.1,,,1
701859,a4303,b6308,Mega Man X Collection,Capcom,Capcom,GameCube|PlayStation 2,Compilation,8.7,10 Jan 2006,2006-01-10,Sonic Gems Collection,Sega,Sega,Nintendo GameCube|PlayStation 2,Compilation,7.0,16 August 2005,2005-08-16,0
814967,a5976,b6918,Riddle of the Sphinx 2: The Omega Stone,Omni Creative Group,DreamCatcher Interactive,PC,3D|Adventure|First-Person,7.4,19 Mar 2003,2003-03-19,Tales of the Orient: The Rising Sun,,,Linux|PC,Puzzle,6.5,,,0
155321,a4245,b1368,MechAssault: Phantom War,Backbone Entertainment,Majesco Games|Eidos Interactive,DS,Simulation,7.5,12 Sep 2006,2006-09-12,Cossacks: Back to War,GSC Game World,Strategy First,PC,Real-Time|Strategy,6.0,,,0
381371,a253,b3318,Always Sometimes Monsters,Devolver Digital|Vagabond Dog,Devolver Digital|GHI Media|LLC|Vagabond Dog,Android|iOS (iPhone/iPad)|Linux|Macintosh|PC|PlayStation 4,Adventure,7.0,21 May 2014,2014-05-21,Hollywood Monsters,Pendulo Studios,Dinamic Multimedia,PC,Adventure,7.7,,,0
566672,a5295,b5016,Overclocked: A History of Violence,House of Tales,DTP Entertainment|Lighthouse Interactive|Nordic Games Publishing|ANACONDA,PC,3D|Third-Person|Adventure,7.2,7 Apr 2008,2008-04-07,Overclocked: A History of Violence,House of Tales,Lighthouse Interactive,PC,Adventure,7.1,21 April 2008,2008-04-21,1
41729,a315,b389,Ape Escape Academy,Shift,SCEE|SCEI|SCEA|SCE Australia,PSP,Party/Minigame,6.9,17 Jan 2006,2006-01-17,Ape Escape 3,Japan Studio,Sony Computer Entertainment,PlayStation 2,Platform,8.1,17 January 2006,2006-01-17,0
963210,a8560,b8199,Wizardry 8,Sir-Tech Software Inc.,Night Dive Studios|Sir-Tech Software Inc.,Macintosh|PC,Role-Playing,8.5,14 Nov 2001,2001-11-14,Wizardry 8,Sir-Tech,Sir-Tech,PC,,8.0,15 November 2001,2001-11-15,1
402899,a3602,b3579,Just Cause 3,Avalanche Studios|Square Enix,Square Enix|Bandai Namco Games,PC|PlayStation 4|Xbox One,Action|Adventure,7.0,30 Nov 2015,2015-11-30,Just Cause 3,Avalanche Studios,Square Enix,PC|PlayStation 4|Xbox One,Action|Adventure,7.2,30 November 2015,2015-11-30,1
363458,a3173,b3183,Harvest Moon: A Wonderful Life,TOSE,Natsume|Victor Interactive Software|Ubisoft|Marvelous Inc.|Marvelous|505 Game Street|SCEA,GameCube|PlayStation 2|PlayStation 4,Strategy|Management,8.5,16 Mar 2004,2004-03-16,Harvest Moon: Friends of Mineral Town,Marvelous Interactive Inc.,Natsume Co.|Ltd|Nintendo Australia Pty. Ltd,Game Boy Advance,Simulation|Role-playing,8.3,17 November 2003,2003-11-17,0
352480,a3083,b3060,Guitar Hero II,Harmonix Music Systems,RedOctane|Activision,PlayStation 2|Xbox 360,Music/Rhythm,9.0,7 Nov 2006,2006-11-07,Guitar Hero III: Legends of Rock,Neversoft (Xbox 360 &amp; PS3)|Aspyr Media (PC &amp; Mac)|Vicarious Visions (Wii)|Budcat Creations (PS2)|RedOctane (PS2),Activision,PC|PlayStation 2|PlayStation 3|Wii|Xbox 360,Rhythm,8.0,28 October 2007,2007-10-28,0
778501,a1210,b6740,Super Mario Bros.,Nintendo,Nintendo|Playtronic|Hamster,Arcade Games|Famicom Disk System|Game Boy Advance|NES|Nintendo Switch,Platformer|2D|Action,8.9,18 Oct 1985,1985-10-18,Super Mario Bros.,Nintendo Creative Department,Nintendo,Emulated|Game Boy Advance|Game Boy Color|NES|Nintendo 3DS|PC|Super Nintendo|TurboGrafx-16|Wii|Wii U,Platform,8.2,17 November 1985,1985-11-17,1
403592,a3620,b3596,Kalimba,Flashbulb ApS|Press Play,Flashbulb ApS|Microsoft Game Studios|Press Play,iOS (iPhone/iPad)|PC|Xbox One,Action,6.0,17 Dec 2014,2014-12-17,Kalimba,Press Play,Microsoft Game Studios,PC|Xbox One,Platform,8.0,17 December 2014,2014-12-17,1
293978,a2577,b2549,Final Fantasy IV,Square Enix|Matrix Software|TOSE|SquareSoft|Sting,Square Enix|Nintendo|SquareSoft,Android|DS|Game Boy Advance|iOS (iPhone/iPad)|Mobile|PC|PlayStation|Super Nintendo|WonderSwan Color,Role-Playing,8.8,12 Dec 2005,2005-12-12,Final Fantasy III (3D),Square Enix,Square Enix,Android|iOS|Mobile|Nintendo 3DS|Nintendo DS|Ouya|PC|PlayStation Vita|PSP,Role-Playing,7.3,14 November 2006,2006-11-14,0
917262,a6955,b7727,Stardew Valley,ConcernedApe|Sickhead Games|LLC,Chucklefish|505 Games|ConcernedApe,Linux|Macintosh|Nintendo Switch|PC|PlayStation 4|PlayStation Vita|Xbox One,Role-Playing,8.4,31 Dec 2014,2014-12-31,Train Valley,Alexey Davydov|Sergey Dvoynikov|Timofey Shargorodskiy,Flazm,PC,Simulation,7.3,16 September 2015,2015-09-16,0
145748,a1293,b1295,Command & Conquer: Red Alert,Electronic Arts|Westwood Studios,Electronic Arts|Westwood Studios|Sold Out Software|Virgin Interactive,BlackBerry|iOS (iPhone/iPad)|PC|PlayStation,Real-Time|Strategy,8.7,31 Oct 1996,1996-10-31,Command & Conquer: Red Alert - The Aftermath,Intelligent Games,West Wood Studios,PC,,8.4,30 September 1997,1997-09-30,0
660946,a7514,b5950,The Incredible Hulk (2008),Amaze Entertainment|Edge of Reality,Sega,DS|PC|PlayStation 2|PlayStation 3|Wii|Xbox 360,Action,5.7,5 Jun 2008,2008-06-05,Secret Service (2008),Cauldron HQ,Activision,PC|Xbox 360,First-Person Shooter,4.4,04 November 2008,2008-11-04,0
957968,a8458,b8124,Wave Race: Blue Storm,Nintendo Software Technology,Nintendo,GameCube,Driving/Racing|Arcade,7.9,17 Nov 2001,2001-11-17,Wave Race: Blue Storm,NST,Nintendo,Nintendo GameCube,Racing,6.1,18 November 2001,2001-11-18,1
884288,a7706,b7421,The Suffering: Ties That Bind,Surreal Software,Midway,PC|PlayStation 2|Xbox,Action|Adventure|Survival|3D,8.0,26 Sep 2005,2005-09-26,The Suffering: Ties That Bind,Surreal Software,Midway Games,PC|PlayStation 2|Xbox,Psychological horror|Third/First person shooter,6.7,26 September 2005,2005-09-26,1
481525,a4268,b4256,Medal of Honor: Rising Sun,EA LA,Electronic Arts|EA Games,GameCube|PlayStation 2|Xbox,Action|First-Person|Shooter|3D,7.2,11 Nov 2003,2003-11-11,Medal of Honor: Allied Assault - Breakthrough,TKO Software,Electronic Arts,PC,First-Person|Shooter,7.0,22 September 2003,2003-09-22,0
717554,a6778,b6429,Spider-Man 2 3D: NY Rooftops,,Sony Pictures Digital Entertainment,Mobile,3D|Action|Platformer,6.4,20 Sep 2004,2004-09-20,Spider-Man 2 (PC),The Fizz Factor,Activision,PC,Action|Adventure,6.2,28 June 2004,2004-06-28,0
235522,a1995,b2019,Dragon Dice,Interplay,Interplay,PC,Strategy,5.8,30 Jun 1997,1997-06-30,Dragon Fantasy,Muteki Corporation,,PlayStation 3|PlayStation Vita,Role-Playing,6.8,,,0
907281,a7903,b7623,Tom Clancy's Splinter Cell: Chaos Theory 3D,,,,,,Canceled,,Tom Clancy's Rainbow Six Siege,Ubisoft Montreal,Ubisoft,PC|PlayStation 4|Xbox One,First-Person|Shooter|Tactical,8.1,November 2015,2015-11-01,0
643008,a6075,b5734,Rocket: Robot on Wheels,Sucker Punch,Ubisoft,Nintendo 64,Platformer|Action|3D,8.1,31 Oct 1999,1999-10-31,Rocket: Robot on Wheels,Sucker Punch Productions,Ubisoft,Nintendo 64,Platform,7.4,17 November 1999,1999-11-17,1
497347,a4344,b4368,Metal Gear Acid 2,Konami|Kojima Productions,Glu Mobile|Konami,Mobile|PSP,Card Game,8.5,21 Mar 2006,2006-03-21,Metal Gear Solid 3: Subsistence,Kojima Productions,Konami Corporation,PC|PlayStation 2|PlayStation 3|PlayStation Vita|Xbox 360,Action-Adventure,9.4,14 March 2006,2006-03-14,0
227571,a1959,b1995,Dragon Ball: Evolution,Dimps Corporation,Bandai Namco Games|Namco Bandai Games,PSP,Action,2.8,8 Apr 2009,2009-04-08,Dragon Ball Z: Budokai HD Collection,,Namco,PlayStation 3|Xbox 360,Fighting,8.3,,,0
465995,a4171,b4150,Mario Party Advance,AI,Nintendo,Game Boy Advance,Party/Minigame,7.0,28 Mar 2005,2005-03-28,Mario Party 7,Hudson Soft|Nintendo SPD Group No.4,Nintendo,Nintendo GameCube,Party,6.9,07 November 2005,2005-11-07,0
190232,a2555,b1696,Fighting Force 2,Core Design Ltd.,Eidos Interactive|Square Enix,Dreamcast|PlayStation,3D|Action|Beat-'Em-Up,5.4,30 Nov 1999,1999-11-30,Delta Force 2,Novalogic,Novalogic,PC,Tactical Shooter,7.0,03 November 1999,1999-11-03,0
697787,a6632,b6277,Soldier of Fortune,Runecraft|Raven Software,Crave|Loki Entertainment|Activision,Dreamcast|Linux|PC,Shooter|3D|Action|First-Person,8.0,29 Feb 2000,2000-02-29,Soldier of Fortune,Raven Software,Activision,PC|PlayStation 2,First-person shooter,7.4,27 March 2000,2000-03-27,1
107686,a930,b973,Brothers: A Tale of Two Sons,Starbreeze,505 Games|Spike Chunsoft,Android|iOS (iPhone/iPad)|PC|PlayStation 3|PlayStation 4|Xbox 360|Xbox One,Action|Adventure,8.4,7 Aug 2013,2013-08-07,Brothers: A Tale of Two Sons,Starbreeze Studios,505 Games,Android|PC|PlayStation 3|PlayStation 4|Xbox|Xbox 360|Xbox One,Third-Person|Adventure,8.4,07 August 2013,2013-08-07,1
921138,a661,b7760,Beat Down: Fists of Vengeance,Cavia Inc.,Capcom,PlayStation 2|Xbox,3D|Beat-'Em-Up|Action,6.8,23 Aug 2005,2005-08-23,Tribes: Vengeance,Irrational Games,VU Games,PC,First-person shooter,7.8,05 October 2004,2004-10-05,0
949776,a8388,b8075,Wargame: AirLand Battle,Eugen Systems,Focus Home Interactive,Linux|Macintosh|PC,Real-Time|Strategy,7.6,29 May 2013,2013-05-29,Wargame: European Escalation,Eugen Systems,Focus Home Interactive,PC,Real-Time|Tactical,8.3,,,0
276568,a2520,b2377,FIFA Soccer 10,Electronic Arts|Exient Entertainment|EA Sports|HB Studios Multimedia,Electronic Arts|EA Sports,BlackBerry|DS|iOS (iPhone/iPad)|PC|PlayStation 2|PlayStation 3|PSP|Wii|Xbox 360,Simulation|Soccer|Sports|Team-Based,7.5,28 Sep 2009,2009-09-28,FIFA 10,EA Canada (360/PS3)|HB Studios (PC/PSP/PS2)|Sumo Digital (Wii)|Exient Entertainment (NDS),EA Sports,PC|PlayStation 2|PlayStation 3|PSP|Xbox 360,Sports,7.5,20 October 2009,2009-10-20,1
594943,a649,b5296,BattleZone (2006),Paradigm Entertainment,Atari SA,PSP,Simulation,6.7,6 Nov 2006,2006-11-06,Prey (2006),Human Head Studios|3D Realms|Venom Games,2K Games,PC|Xbox 360,First-Person|Shooter,7.4,11 July 2006,2006-07-11,0
54608,a462,b509,Atelier Iris 2: The Azoth of Destiny,Gust,Koei|Gust|THQ|NIS America,PlayStation 2,Role-Playing,8.2,25 Apr 2006,2006-04-25,Atelier Iris 2: The Azoth of Destiny,Gust,JP: Gust|NA: Nippon Ichi Software|EU: Koei,PlayStation 2,RPG,7.7,25 April 2006,2006-04-25,1
603200,a3953,b5345,Looney Tunes Racing,Xantera|Circus Freak,Infogrames,Game Boy Color|PlayStation,Arcade|Driving/Racing,6.9,13 Nov 2000,2000-11-13,Project Gotham Racing,Bizarre Creations,Microsoft Game Studios,Xbox,Racing,6.8,09 November 2001,2001-11-09,0
708004,a6701,b6357,SoulCalibur III,Namco,Namco,Arcade Games|PlayStation 2,Fighting|Action|3D,8.8,25 Oct 2005,2005-10-25,Soulcalibur III,Project Soul,Namco|Sony Computer Entertainment (Europe),PlayStation 2|PlayStation 3,Fighting,7.8,25 October 2005,2005-10-25,1
908652,a7904,b7631,Tom Clancy's Splinter Cell: Chaos Theory,Ubisoft|Gameloft|Ubisoft Montreal,Ubisoft|Gameloft|Nokia|Focus Multimedia|ak tronic,3DS|DS|GameCube|Mobile|N-Gage|PC|PlayStation 2|PlayStation 3|Xbox,Action|Adventure,8.9,21 Mar 2005,2005-03-21,Tom Clancy's Splinter Cell: Pandora Tomorrow,Ubisoft Shanghai,Ubisoft,Game Boy Advance|Nintendo GameCube|PC|PlayStation 2|PlayStation 3|Xbox,Action|Adventure|Stealth,7.8,23 March 2004,2004-03-23,0
691093,a997,b6190,C: The Contra Adventure,Appaloosa Interactive,Konami,PlayStation,3D|Action|Shooter|Third-Person,5.2,31 Aug 1998,1998-08-31,Sissy's Magical Ponycorn Adventure,Untold Entertainment Inc.,Untold Entertainment Inc.,Browser|PC,Point-and-Click|Adventure,8.0,,,0
206581,a1844,b1849,Disney Infinity 3.0 Edition,Avalanche Software,Disney Interactive Studios|Bandai Namco Games,Android|iOS (iPhone/iPad)|Macintosh|PC|PlayStation 3|PlayStation 4|Wii U|Xbox 360|Xbox One,Adventure|Action,7.4,30 Aug 2015,2015-08-30,Disney Infinity 3.0,Avalanche Software,Disney Interactive Studios|LucasArts,PC|PlayStation 4|Wii U|Xbox One,Action|Adventure|Sandbox,7.2,30 August 2015,2015-08-30,1
524274,a4580,b4568,Mortal Kombat (2011),NetherRealm Studios,Warner Bros. Interactive Entertainment,PC|PlayStation 3|PlayStation Vita|Xbox 360,Action|2D|Fighting,8.9,19 Apr 2011,2011-04-19,Mortal Kombat (2011),NetherRealm Studios,Warner Bros. Interactive Entertainment,PC|PlayStation 3|PlayStation Vita|Xbox 360,Fighting,8.3,19 April 2011,2011-04-19,1
906339,a7878,b7617,Tom Clancy's Ghost Recon: Jungle Storm,Gameloft|Red Storm Entertainment,Gameloft|Nokia|Ubisoft,Mobile|N-Gage|PlayStation 2,First-Person|Shooter|Tactical|Action,7.6,16 Mar 2004,2004-03-16,Tom Clancy's Rainbow Six 3,Red Storm Entertainment,Ubisoft,PC|PlayStation 2|Xbox,First-person Shooter,6.8,29 October 2003,2003-10-29,0
85792,a8035,b777,Transformers Animated: The Game,Artificial Mind and Movement,Activision,DS,Action,6.6,21 Oct 2008,2008-10-21,Black Rock Shooter: The Game,Imageepoch,Imageepoch,PSP,Action|Role-Playing,7.7,,,0
769671,a4997,b6703,New Adventure Island,Now Production,Hudson|NEC Interchannel|Konami,TurboGrafx-16,2D|Platformer|Action,7.1,1992,1992-01-01,Super Adventure Island,Produce,Hudson Soft,Super Nintendo,Adventure,6.9,April 1992,1992-04-01,0
123688,a4990,b1108,NeverEnd (2006),Mayhem Studios,DreamCatcher Interactive|Dusk2Dawn Interactive,PC,Role-Playing,5.1,2 Oct 2006,2006-10-02,Cars (2006),Locomotive Games|Rainbow Studios|Capybara Games,THQ,Game Boy Advance|Nintendo DS|Nintendo GameCube|PC|PlayStation 2|PSP|Xbox 360,Adventure|Racing,5.9,05 June 2006,2006-06-05,0
502121,a8552,b4408,Wipeout Fusion,Studio Liverpool,Bam Entertainment|SCEE,PlayStation 2,Arcade|Driving/Racing,7.9,17 Jun 2002,2002-06-17,Metroid Fusion,Nintendo R&amp;D1,Nintendo,Android|Emulated|Game Boy Advance|Nintendo 3DS|Nintendo DS|Wii U,Action|Adventure|Shooter,8.4,17 November 2002,2002-11-17,0
562496,a5228,b4964,Onechanbara: Bikini Zombie Slayers,Tamsoft,D3Publisher,Wii,Action|2D|Beat-'Em-Up,6.2,10 Feb 2009,2009-02-10,Onechanbara: Bikini Samurai Squad,Tamsoft,D3,Xbox 360,Hack and slash,6.6,10 February 2009,2009-02-10,1
537296,a4743,b4728,Naruto: Clash of Ninja Revolution 2,Eighting,Tomy Corporation,Wii,Fighting|Action|3D,8.4,21 Oct 2008,2008-10-21,Naruto: Path of the Ninja,,Tomy,Nintendo DS,Adventure,6.0,23 October 2007,2007-10-23,0
222687,a1975,b1979,Dragon Ball Z: Budokai Tenkaichi,Spike,Bandai|Atari SA,PlayStation 2,Action|3D|Fighting,8.6,18 Oct 2005,2005-10-18,Dragon Ball: Advanced Adventure,Dimps,Banpresto|Atari,Emulated|Game Boy Advance,Beat,7.7,06 June 2006,2006-06-06,0
652669,a6192,b5866,Sam & Max: Season One,Telltale Games,Telltale Games|N3V Games Pty Ltd|GameTap|JoWooD Entertainment AG|The Adventure Company|DreamCatcher Interactive|Microsoft Game Studios,PC|Wii|Xbox 360,Adventure,8.1,15 Jun 2007,2007-06-15,Sam & Max 101: Culture Shock,Telltale Games,NA: The Adventure Company|EU: JoWooD Productions,PC|Wii|Xbox 360,Graphic adventure,7.3,17 October 2006,2006-10-17,0
536037,a4764,b4721,Naruto: Ultimate Ninja 2,CyberConnect2,Bandai|Atari SA|Namco Bandai Games,PlayStation 2,Fighting|Action|3D,8.5,12 Jun 2007,2007-06-12,Naruto: Clash of Ninja Revolution,Tomy,D3 Publisher,Wii,Action|Adventure,5.3,23 October 2007,2007-10-23,0
108294,a5297,b977,Overlord: Dark Legend,Climax Group,Codemasters,Wii,Adventure|Action,7.4,23 Jun 2009,2009-06-23,Brutal Legend,Double Fine,Electronic Arts,Linux|Mac|PC|PlayStation 3|Xbox 360,Real-Time|Action|Adventure|Strategy,7.3,13 October 2009,2009-10-13,0
318094,a7955,b2745,Top Gear Rally (1997),Boss Game Studios,Kemco,Nintendo 64,Simulation|Driving/Racing,7.2,October 1997,1997-10-01,Frogger (1997),SCE Cambridge Studio,Hasbro Interactive Inc.,PC|PlayStation,Arcade|Action,6.1,03 November 1997,1997-11-03,0
44883,a395,b440,Army Men: Sarge's Heroes 2,Game Brains|3DO,3DO|Midas Interactive Entertainment,Game Boy Color|Nintendo 64|PlayStation|PlayStation 2,Action,6.3,26 Sep 2000,2000-09-26,Army Men: Sarge's Heroes 2,3DO,3DO,Nintendo 64|PlayStation,Action Shooter,7.0,2000,2000-01-01,1
229857,a1959,b2004,Dragon Ball: Evolution,Dimps Corporation,Bandai Namco Games|Namco Bandai Games,PSP,Action,2.8,8 Apr 2009,2009-04-08,Dragon Ball Z: Infinite World,Dimps,Atari Games,PlayStation 2,Fighting,7.0,04 November 2008,2008-11-04,0
444881,a6520,b3919,Sinbad: Legend of the Seven Seas,Small Rockets,Atari SA,PC,Adventure|Action,6.6,31 Oct 2003,2003-10-31,Lionheart: Legacy of the Crusader,Reflexive Entertainment,Black Isle Studios,PC,Action|Role-Playing,7.1,13 August 2003,2003-08-13,0
342444,a6953,b2976,Starcraft II: Wings of Liberty,Blizzard Entertainment,Blizzard Entertainment,Macintosh|PC,Strategy|Real-Time,9.0,27 Jul 2010,2010-07-27,Grand Theft Auto: Episodes From Liberty City,Rockstar North|Rockstar Toronto (PC),Rockstar Games,PC|PlayStation 3|Xbox 360,Third-Person|Action|Sandbox|Shooter,8.3,29 October 2009,2009-10-29,0
244107,a2017,b2044,Dragon Warrior I & II,TOSE|ChunSoft,Enix Corporation,Game Boy Color|Super Nintendo,Compilation,8.6,27 Sep 2000,2000-09-27,Dragon Warrior Monsters 2: Cobi's Journey,Tose,Enix,Game Boy Advance|Game Boy Color,Role-Playing,9.4,15 September 2001,2001-09-15,0
497126,a4348,b4367,Metal Gear Solid 3: Snake Eater,Kojima Productions|KCEJ,Konami|Atari SA,3DS|PlayStation 2,Adventure|Action,9.3,17 Nov 2004,2004-11-17,Metal Gear Solid 3: Snake Eater,Konami Computer Entertainment Japan / Kojima Productions,Konami,Nintendo 3DS|PlayStation 2|PlayStation 3|PlayStation 4|PlayStation Vita|Xbox 360,Stealth action,9.2,17 November 2004,2004-11-17,1
166039,a1520,b1500,Dance on Broadway,Longtail Studios,Ubisoft,PlayStation 3|Wii,Music/Rhythm,4.2,15 Jun 2010,2010-06-15,Dance Central,Harmonix Music Systems,MTV Games,Xbox 360,Music|Rhythm|Exercise,8.0,04 November 2010,2010-11-04,0
240583,a2001,b2032,Dragon Quest Heroes: Rocket Slime,TOSE|Square Enix,Square Enix,DS,Adventure|Action,8.4,19 Sep 2006,2006-09-19,Dragon Quest VIII: Journey of the Cursed King,Level-5,Square Enix,iOS|Nintendo 3DS|PlayStation 2,Role-Playing,8.7,15 November 2005,2005-11-15,0
254666,a6099,b2137,Rollers of the Realm,Phantom Compass,ATLUS|Arc System Works,PC|PlayStation 4|PlayStation Vita,Pinball,6.8,18 Nov 2014,2014-11-18,Dungeon of the Endless,AMPLITUDE Studios,AMPLITUDE Studios,PC,Top-Down|Real-Time|Turn-Based|Adventure|Roguelike|Role-Playing,7.9,11 December 2013,2013-12-11,0
115328,a1017,b1051,Call of Duty: Black Ops II,Treyarch,Activision|Square Enix,PC|PlayStation 3|Wii U|Xbox 360,Shooter|3D|Action|First-Person,7.0,12 Nov 2012,2012-11-12,Call of Duty: Black Ops - Multiplayer,,,PC,,7.1,,,0
35492,a5254,b292,Orcs Must Die!,Robot Entertainment,Robot Entertainment|Mastertronic,PC|Xbox 360,Strategy|Real-Time,8.0,5 Oct 2011,2011-10-05,All Zombies Must Die!,Doublesix,Square Enix,PC|PlayStation 3|Xbox 360,Shooter,5.3,27 December 2011,2011-12-27,0
780741,a7130,b6750,Super Mario Maker,Nintendo,Nintendo,3DS|Wii U,Action|2D|Platformer,8.5,11 Sep 2015,2015-09-11,Super Mario Maker,Nintendo EAD Group No. 4,Nintendo,Wii U,Platform|Sandbox,8.5,11 September 2015,2015-09-11,1
258614,a6207,b2167,Samurai Warriors: Katana,Omega Force,Koei,Wii,Tactical|Action|First-Person|Shooter,6.1,16 Jan 2008,2008-01-16,Dynasty Warriors 6,Omega Force,Koei,PC|PlayStation 2|PlayStation 3|Xbox 360,Hack and slash|Action,6.6,19 February 2008,2008-02-19,0
584021,a5446,b5174,Pillars of Eternity,Obsidian Entertainment|Paradox Arctic,Paradox Interactive|Encore Software|Inc.,Linux|Macintosh|PC|PlayStation 4|Xbox One,Role-Playing,8.5,26 Mar 2015,2015-03-26,Pillars of Eternity,Obsidian Entertainment,Paradox Interactive,Linux|Mac|PC|PlayStation 4,Top-Down|Real-Time|Role-Playing,8.3,26 March 2015,2015-03-26,1
856296,a7568,b7232,The Legend of Zelda: Majora's Mask,GREZZO|Nintendo,Nintendo,3DS|Nintendo 64,Adventure|Action,9.0,25 Oct 2000,2000-10-25,The Legend of Heroes: Trails of Blue,Nihon Falcom,,PlayStation Vita|PSP,Role-Playing,9.1,,,0
52441,a432,b483,Assassin's Creed Chronicles: India,Climax Group,Ubisoft,PC|PlayStation 4|Xbox One,Adventure|Action,6.4,12 Jan 2016,2016-01-12,Assassin's Creed: Syndicate - The Last Maharaja,,Ubisoft,PC|PlayStation 4|Xbox One,Action|Adventure,6.3,01 March 2016,2016-03-01,0
788645,a7152,b6779,Super Robot Taisen OG Saga: Endless Frontier,Monolith Soft,Bandai Namco Games|ATLUS,DS,Role-Playing,8.1,29 Apr 2009,2009-04-29,Super Robot Taisen OG Saga: Endless Frontier,Banpresto|Monolith Soft,JP: Namco Bandai Games|NA: Atlus,Nintendo DS,Role-playing,7.8,28 April 2009,2009-04-28,1
535914,a4744,b4721,Naruto: Clash of Ninja Revolution,8ing/Raizing,Tomy Corporation,Wii,Action|3D|Fighting,7.8,23 Oct 2007,2007-10-23,Naruto: Clash of Ninja Revolution,Tomy,D3 Publisher,Wii,Action|Adventure,5.3,23 October 2007,2007-10-23,1
838609,a7665,b7143,The Shield: The Game,Point of View,Aspyr,PC|PlayStation 2,Shooter|Third-Person|3D|Action,5.2,9 Jan 2007,2007-01-09,The Godfather: The Game,EA Redwood Shores|Headgate Studios|Babaroga,Electronic Arts,PC|PlayStation 2|PlayStation 3|PSP|Wii|Xbox|Xbox 360,Action|Adventure,7.3,21 March 2006,2006-03-21,0
585325,a54,b5188,7 Wonders of the Ancient World,Hot Lava Games|MumboJumbo,MumboJumbo|Funsta,DS|iOS (iPhone/iPad)|PC|PlayStation 2|PSP,Puzzle,6.7,2 Feb 2007,2007-02-02,Pirates of the Caribbean: At World's End,Eurocom,Buena Vista Games,PC|PlayStation 2|PlayStation 3|PSP|Xbox 360,,5.9,22 May 2007,2007-05-22,0
664488,a6316,b5984,Serious Sam 3: BFE,Croteam,Devolver Digital|Zoo Corporation|Mastertronic,Linux|Macintosh|PC|PlayStation 3|Xbox 360,First-Person|Shooter|3D|Action,7.8,23 Apr 2011,2011-04-23,Serious Sam HD: The Second Encounter,Croteam,Devolver Digital,PC|Xbox 360,First-Person|Shooter,7.4,28 April 2010,2010-04-28,0
540011,a4770,b4742,Naruto: Uzumaki Chronicles 2,Racjin,Atari SA|Bandai Namco Games|Bandai|Namco Bandai Games,PlayStation 2,Action,7.6,4 Sep 2007,2007-09-04,Naruto: Ultimate Ninja 2,CyberConnect2,Namco Bandai Games,PlayStation 2,Fighting,6.8,12 June 2007,2007-06-12,0
166183,a1507,b1502,Dance Dance Revolution Extreme,Konami|KCET,Konami,Arcade Games|PlayStation 2,Music/Rhythm,8.3,21 Sep 2004,2004-09-21,Dance Dance Revolution Extreme,Konami Computer Entertainment Tokyo,Konami,PlayStation 2,Music|Exercise,7.7,21 September 2004,2004-09-21,1
18863,a123,b180,Adventure Time: The Secret of the Nameless Kingdom,WayForward,Little Orbit|Bergsala-Lightweight,3DS|PC|PlayStation 3|PlayStation Vita|Xbox 360,Action|Adventure,2.3,18 Nov 2014,2014-11-18,Adventure Time: Finn and Jake's Epic Quest,NGD Studios,Cartoon Network Games,PC,Action|Adventure,5.3,11 April 2014,2014-04-11,0
767397,a1100,b6673,Castlevania: Lords of Shadow 2,Mercury Steam,Konami,PC|PlayStation 3|Xbox 360,Action|Adventure,7.5,25 Feb 2014,2014-02-25,Styx: Master of Shadows,Cyanide Studio,Focus Home Interactive,PC|PlayStation 4|Xbox One,Action,7.2,07 October 2014,2014-10-07,0
619300,a3963,b5546,Lords of the Realm II,Impressions Games,Sierra Entertainment|Rebellion,PC,Strategy,8.3,31 Oct 1996,1996-10-31,Realms of the Haunting,Gremlin Interactive,Gremlin Interactive|Interplay|KISS|Funbox Media,PC,First-Person|Point-and-Click|Action|Adventure|Shooter|Survival|Survival Horror,7.5,31 December 1996,1996-12-31,0
613841,a8275,b5486,Vegas Tycoon,Deep Red,Global Star Software|Frogster Interactive|Strategy First|Empire Interactive,PC,Management|Strategy,7.3,15 Jan 2004,2004-01-15,Railroad Tycoon 3,PopTop Software,Gathering of Developers,PC,Simulation,7.0,27 October 2003,2003-10-27,0
876078,a7805,b7327,Tim Burton's The Nightmare Before Christmas: Oogie's Revenge,TOSE,Capcom|Buena Vista Interactive|Buena Vista Games,PlayStation 2|Xbox,Adventure|Survival|3D|Action,7.9,10 Oct 2005,2005-10-10,The Nightmare Before Christmas: Oogie's Revenge,Capcom,Buena Vista Games,PlayStation 2,Action|Adventure,7.3,10 October 2005,2005-10-10,1
310847,a2653,b2662,Flower Sun and Rain,h.a.n.d. Inc.|Grasshopper Manufacture,Marvelous|Xseed Games|Rising Star Games|Victor Interactive Software,DS|PlayStation 2,3D|Third-Person|Adventure,6.3,16 Jun 2009,2009-06-16,Flower Sun and Rain,Grasshopper Manufacture|h.a.n.d. (DS version),JP: Victor Interactive|Marvelous Entertainment|NA: Xseed Games|EU: Rising Star Games,Nintendo DS,Adventure,6.7,14 November 2008,2008-11-14,1
742262,a6920,b6548,Star Wars: Jedi Starfighter,LucasArts|Secret Level,Activision|LucasArts|Electronic Arts|Disney Interactive Studios,PlayStation 2|PlayStation 4|Xbox,Simulation,7.7,10 Mar 2002,2002-03-10,Star Wars Racer Revenge,Rainbow Studios,LucasArts,PlayStation 2|PlayStation 4,Racing,6.5,12 February 2002,2002-02-12,0
673505,a925,b6043,Broken Sword 5: The Serpent's Curse,Revolution Software,Revolution Software|Koch Media|Deep Silver,Android|iOS (iPhone/iPad)|Linux|Macintosh|Mobile|PC|PlayStation 4|PlayStation Vita|Xbox One,Adventure,7.4,4 Dec 2013,2013-12-04,Shantae and the Pirate's Curse,WayForward Technologies|Inti Creates,,Nintendo 2DS|Nintendo 3DS|PC|PlayStation 4|Wii U|Xbox One,Platform,8.1,23 October 2014,2014-10-23,0
10610,a7319,b136,Tekken 3D Prime Edition,Arika,Bandai Namco Games|Namco Bandai Games,3DS,Fighting|Action|3D,6.7,14 Feb 2012,2012-02-14,Acceleration of Suguri X Edition,Rockin' Android,Sony Computer Entertainment,PC|PlayStation 3,Fighting,5.0,2012,2012-01-01,0
85815,a214,b777,Alien Shooter: Vengeance,Sigma-Team,Virtual Programming|cdv Software|1C|Focus Multimedia,Macintosh|PC,Action,7.8,16 Feb 2007,2007-02-16,Black Rock Shooter: The Game,Imageepoch,Imageepoch,PSP,Action|Role-Playing,7.7,,,0
232027,a4072,b2010,Magic Ball 2: New Worlds,Dream Dale,Big Fish Games|MumboJumbo,PC,Puzzle,8.6,30 Dec 2004,2004-12-30,Dragon Ball Z: Super Butouden 2,,Bandai,Super Nintendo,Fighting,5.9,,,0
230966,a4072,b2006,Magic Ball 2: New Worlds,Dream Dale,Big Fish Games|MumboJumbo,PC,Puzzle,8.6,30 Dec 2004,2004-12-30,Dragon Ball Z: Sagas,Avalanche Software,Atari,Nintendo GameCube|PlayStation 2|Xbox,Action|Adventure,5.4,22 March 2005,2005-03-22,0
346681,a3044,b3021,Grotesque Tactics 2: Dungeons & Donuts,Silent Dreams,Headup Games|Meridian4,PC,Turn-Based|Strategy,5.5,21 Nov 2011,2011-11-21,Grotesque Tactics 2: Dungeons and Donuts,Silent Dreams|Headup Games,Meridian4,PC,Adventure|Role-Playing,6.0,21 November 2011,2011-11-21,1
235525,a2003,b2019,Dragon Quest III,Square Enix|TOSE|ChunSoft|Heart Beat,Square Enix|Enix Corporation|Enix America|Inc.,3DS|Android|Game Boy Color|iOS (iPhone/iPad)|Mobile|NES|PlayStation 4|Super Nintendo,Role-Playing,8.7,December 1996,1996-12-01,Dragon Fantasy,Muteki Corporation,,PlayStation 3|PlayStation Vita,Role-Playing,6.8,,,0
227372,a1973,b1994,Dragon Ball Z: Budokai 3,Dimps Corporation,Atari SA|Bandai,PlayStation 2,3D|Fighting|Action,9.0,16 Nov 2004,2004-11-16,Dragon Ball Z: Budokai 3,Dimps,Namco Bandai Games|Atari|Bandai,PlayStation 2|Xbox 360,Action|Fighting,8.1,16 November 2004,2004-11-16,1
365237,a3190,b3201,Hatsune Miku: Project Diva f,Sega,Sega,PlayStation 3|PlayStation Vita,Music/Rhythm,8.6,27 Aug 2013,2013-08-27,Hatsune Miku: Project DIVA Future Tone,Sega,Sega,PlayStation 4,Music/Rhythm,8.0,,,0
68204,a593,b626,Batman: The Enemy Within - The Telltale Series,Telltale Games,Telltale Games|Warner Bros. Interactive Entertainment,Android|iOS (iPhone/iPad)|Macintosh|PC|PlayStation 4|Xbox One,Adventure,8.2,8 Aug 2017,2017-08-08,Batman: The Enemy Within - Episode 1: The Enigma,Telltale Games,Telltale Games,PC|PlayStation 4|Xbox One,Point-and-Click|Third-Person|Adventure,8.1,08 August 2017,2017-08-08,1
294097,a2568,b2550,Final Fantasy Crystal Chronicles,Square Enix,Nintendo,GameCube,Role-Playing|Action,8.0,9 Feb 2004,2004-02-09,Final Fantasy III (Original),Square,Square,Emulated|NES|Nintendo DS|PlayStation|PSP|Super Nintendo,Role-Playing,7.8,,,0
889609,a7732,b7465,The Walking Dead: Season Two - A Telltale Games Series,Telltale Games,Telltale Games|Square Enix,Android|iOS (iPhone/iPad)|Macintosh|PC|PlayStation 3|PlayStation 4|PlayStation Vita|Xbox 360|Xbox One,Action|Adventure,8.3,17 Dec 2013,2013-12-17,The Walking Dead: Season 2 - Episode 4: Amid The Ruins,Telltale Games,Telltale Games,Android|PC|PlayStation 3|PlayStation 4|PlayStation Vita|Xbox 360|Xbox One,Point-and-Click|Third-Person|Adventure,8.2,22 July 2014,2014-07-22,0
336089,a2907,b2895,Global Agenda,Hi-Rez Studios,Iceberg Interactive|Hi-Rez Studios,PC,MMO|Role-Playing,7.3,1 Feb 2010,2010-02-01,Global Agenda,Hi-Rez Studios,Hi-Rez Studios,PC,Third-Person Shooter,5.8,01 February 2010,2010-02-01,1
763580,a7049,b6652,Strike Suit Zero,Born Ready Games,Born Ready Games,Android|Linux|Macintosh|PC|PlayStation 4|Xbox One,Flight|Simulation|VR,6.9,23 Jan 2013,2013-01-23,Strike Suit Zero,Born Ready Games,Born Ready Games,PC,Flight Combat,7.0,23 January 2013,2013-01-23,1
9422,a72,b120,A World of Keflings,NinjaBee,NinjaBee|Microsoft Game Studios,PC|Wii U|Xbox 360,Strategy,7.9,22 Dec 2010,2010-12-22,A World of Keflings,NinjaBee,Microsoft Studios,PC|Xbox 360,Simulation,6.7,22 December 2010,2010-12-22,1
16700,a3057,b172,GT Advance 2: Rally Racing,MTO,MTO|THQ,Game Boy Advance,Driving/Racing|Simulation,8.2,30 Jun 2002,2002-06-30,Advance Wars 2: Black Hole Rising,Intelligent Systems,Nintendo,Game Boy Advance|Wii U,Turn-based tactics,8.3,23 June 2003,2003-06-23,0
454734,a4037,b4052,Madden NFL 08,Exient Entertainment|EA Tiburon,EA Sports,DS|GameCube|Macintosh|PC|PlayStation 2|PlayStation 3|PSP|Wii|Xbox|Xbox 360,Sports|Team-Based|Football (American)|Simulation,7.8,14 Aug 2007,2007-08-14,Madden NFL 09,EA Tiburon,EA Sports,PlayStation 2|PlayStation 3|Wii|Xbox 360,Sports,7.0,12 August 2008,2008-08-12,0
953210,a8401,b8085,Warhammer 40000: Kill Team,Nomad Games|THQ Warrington,Sega|THQ,PC|PlayStation 3|Xbox 360,3D|Action|Shooter|Third-Person,7.3,13 Jul 2011,2011-07-13,Warhammer 40000: Kill Team,THQ,THQ,PC|PlayStation 3|Xbox 360,Third-Person Shooter,6.3,13 July 2011,2011-07-13,1
945130,a8701,b8040,WWF No Mercy,Aki Corp.,THQ,Nintendo 64,Fighting|Wrestling|Action,8.8,17 Nov 2000,2000-11-17,WWF No Mercy,Asmik Ace Entertainment|AKI Corporation,THQ,Nintendo 64,Fighting,8.3,17 November 2000,2000-11-17,1
802681,a7221,b6841,Sword of the Berserk: Guts' Rage,Yuke's,ASCII Entertainment|Eidos Interactive,Dreamcast,3D|Beat-'Em-Up|Action,8.0,29 Feb 2000,2000-02-29,Sword of the Berserk: Guts' Rage,Yuke's,Eidos Interactive,Dreamcast,Action|Hack and slash,7.1,15 March 2000,2000-03-15,1
530449,a4814,b4652,NBA 2K12,2K Sports|Visual Concepts|Virtuos,2K Sports,iOS (iPhone/iPad)|PC|PlayStation 2|PlayStation 3|PSP|Wii|Xbox 360,Sports|Team-Based|Basketball|Simulation,8.4,4 Oct 2011,2011-10-04,NBA 2K13,Visual Concepts,2K Games,PC|PlayStation 3|Wii U|Xbox 360,Sports,7.8,02 October 2012,2012-10-02,0
917567,a5503,b7732,Playman Winter Games (2004),Mr. Goodliving,Mr. Goodliving|RealNetworks,Mobile,Sports,8.8,18 Dec 2004,2004-12-18,Transformers (2004),Melbourne House,Atari,PlayStation 2,Third-Person|Shooter,8.5,11 May 2004,2004-05-11,0
701225,a6657,b6304,Sonic CD (1995),Sonic Team,Sega|Expert Software,PC,Action|2D|Platformer,8.0,26 Aug 1996,1996-08-26,Sonic Chaos,Aspect,Sega,Emulated|Nintendo GameCube|Sega Game Gear|Sega Master System,Platform,6.2,,,0
920774,a8062,b7755,Trials Fusion,RedLynx,Ubisoft,PC|PlayStation 4|Xbox 360|Xbox One,Arcade|Driving/Racing,7.4,15 Apr 2014,2014-04-15,Trials Fusion,RedLynx,Ubisoft,PC|PlayStation 4|Xbox 360|Xbox One,Platform|Racing,7.6,15 April 2014,2014-04-15,1
565488,a5260,b4992,Ori and the Blind Forest,Mon Studios,Microsoft Game Studios,PC|Xbox One,Action|2D|Platformer,9.0,11 Mar 2015,2015-03-11,Ori and the Blind Forest: Definitive Edition,Moon Studios,Microsoft Studios,PC|Xbox One,Platform,8.8,11 March 2016,2016-03-11,0
688009,a6477,b6154,Silent Hill: Downpour,Vatra|Konami,Konami,PlayStation 3|Xbox 360,Action|Adventure|Survival|3D,7.8,13 Mar 2012,2012-03-13,Silent Hill 2: Born From A Wish,Konami,Konami,PC|PlayStation 2|PlayStation 3|Xbox|Xbox 360,Survival Horror,8.0,,,0
420047,a3733,b3723,Kirby's Dream Course,HAL Labs,Nintendo,Super Nintendo,Sports|Golf|Arcade,8.3,February 1995,1995-02-01,Kirby's Avalanche,HAL Laboratory|Compile,Nintendo,Super Nintendo,Puzzle,7.8,25 April 1995,1995-04-25,0
115079,a1021,b1050,Call of Duty: Ghosts,Infinity Ward|Treyarch,Activision|Square Enix,PC|PlayStation 3|PlayStation 4|Wii U|Xbox 360|Xbox One,Action|First-Person|Shooter|3D,5.8,5 Nov 2013,2013-11-05,Call of Duty: Black Ops II - Zombies,,,PC,,5.0,,,0
967376,a720,b8226,Bionicle Heroes,Amaze Entertainment|Traveller's Tales,Electronic Arts|Eidos Interactive,DS|Game Boy Advance|GameCube|PC|PlayStation 2|Wii|Xbox 360,3D|Action|First-Person|Shooter,6.6,14 Nov 2006,2006-11-14,World Heroes,Alpha Denshi,SNK,Neo Geo|Super Nintendo,Fighting,5.9,,,0
74577,a617,b655,Battleborn,Gearbox Software,2K Games,PC|PlayStation 4|Xbox One,Action|First-Person|Shooter|3D,7.1,3 May 2016,2016-05-03,Battleborn,Gearbox Software,2K Games,PC|PlayStation 4|Xbox One,First-Person|Shooter,6.6,,,1
853788,a7570,b7226,The Legend of Zelda: Oracle of Ages/Seasons,Flagship|Nintendo,Nintendo|Capcom,Game Boy Color,Adventure|Action,9.0,13 May 2001,2001-05-13,The Legend of Dragoon,SCEI,Sony Computer Entertainment,PlayStation|PlayStation 3|PlayStation Vita,Role-playing,8.3,11 June 2000,2000-06-11,0
271846,a2321,b2319,EverQuest II,Sony Online Entertainment,Sony Online Entertainment|Square Enix|Deep Silver|Ubisoft,PC,MMO|Role-Playing,7.7,8 Nov 2004,2004-11-08,EverQuest II,Sony Online Entertainment,Sony Online Entertainment,PC,Massively Multiplayer|Role-Playing,7.4,04 November 2004,2004-11-04,1
497636,a4354,b4370,Metal Gear Solid: Portable Ops,Kojima Productions,Konami,PSP,Adventure|Action,9.0,5 Dec 2006,2006-12-05,Metal Gear Solid: Digital Graphic Novel,Kojima Productions,Konami,PSP,Hidden Object|Interactive Art,6.6,12 June 2006,2006-06-12,0
486954,a4310,b4293,Mega Man Xtreme 2,Capcom,Capcom,Game Boy Color,Action|2D|Platformer,7.7,30 Oct 2001,2001-10-30,Mega Man Battle Network 2,Capcom Production Studio 2,Capcom,Emulated|Game Boy Advance,,8.2,17 June 2002,2002-06-17,0
808484,a2545,b6895,Fighter Destiny 2,Opus,Imagineer|SouthPeak Games,Nintendo 64,Fighting|Action|3D,7.0,14 Jul 2000,2000-07-14,Tales of Destiny (PS2),Namco Tales Studio,Namco,PlayStation 2,Role-playing,8.0,,,0
298129,a2452,b2569,Fantasy General,SSI,Mindscape Inc.|SSI,PC,Strategy|Turn-Based,8.1,29 Feb 1996,1996-02-29,Final Fantasy Type-0,Square Enix 1st Production Department,Square Enix,PlayStation 4|PSP|Xbox One,Real-Time|Action|Role-Playing,7.1,,,0
594010,a5597,b5286,Power Stone,Capcom,Capcom|Eidos Interactive,Arcade Games|Dreamcast,3D|Action|Fighting,8.2,31 Aug 1999,1999-08-31,Power Stone 2,Capcom,Capcom,Dreamcast|PC,Arena Fighting,8.2,23 August 2000,2000-08-23,0
703756,a6677,b6322,Sonic Rush Adventure,Dimps Corporation,Sega|Nintendo,DS,Platformer|Action|2D,8.4,18 Sep 2007,2007-09-18,Sonic Rush Adventure,Sonic Team|Dimps,Sega,Nintendo DS,Platformer|Action,7.1,18 September 2007,2007-09-18,1
576891,a3831,b5119,Legacy: Dark Shadows,Razbor Studios,GMX Media|Tri Synergy,PC,Third-Person|Adventure|3D,4.7,19 Nov 2004,2004-11-19,Perfect Dark Zero,Rare,Microsoft Game Studios,Xbox 360|Xbox One,First-person shooter|stealth,5.3,17 November 2005,2005-11-17,0
304103,a2618,b2604,Fire Fight,Chaos Works,Electronic Arts,PC,Action,8.0,31 May 1996,1996-05-31,Final Fight 3,Capcom,Capcom,Super Nintendo|Wii U,Beat 'em up,7.0,January 1996,1996-01-01,0
40996,a3697,b377,Kingdom Hearts: Chain of Memories,Jupiter Corporation,Square Enix|Nintendo,Game Boy Advance|PlayStation 2,Action|Role-Playing,8.3,7 Dec 2004,2004-12-07,Another Code: Two Memories,Cing,Nintendo,Emulated|Nintendo 3DS|Nintendo DS,Adventure,7.0,26 September 2005,2005-09-26,0
749599,a6940,b6568,Star Wars: The Force Unleashed II,LucasArts|Red Fly Studio,LucasArts|Disney Interactive Studios,DS|PC|PlayStation 3|Wii|Xbox 360,Action,7.2,26 Oct 2010,2010-10-26,Star Wars: The Force Unleashed - Ultimate Sith Edition,LucasArts,LucasArts,PC|PlayStation 3|Xbox 360,Third-Person|Action|Adventure,6.6,15 December 2009,2009-12-15,0
229645,a1962,b2003,Dragon Ball GT: Final Bout,TOSE,Bandai|Atari SA,PlayStation,2D|Fighting|Action,5.7,31 Jul 1997,1997-07-31,Dragon Ball Z: Idainaru Dragon Ball Densetsu,TOSE,Bandai,PlayStation|Sega Saturn,Action|Fighting,7.5,,,0
526771,a4634,b4596,Mount & Blade,Taleworlds,Paradox Interactive|GamersGate,PC,Role-Playing,8.6,16 Sep 2008,2008-09-16,Mount & Blade,TaleWorlds,Paradox Interactive,PC,Simulation,7.9,16 September 2008,2008-09-16,1
691177,a4398,b6190,Mickey's Racing Adventure,Rare Ltd.,Nintendo,Game Boy Color,Driving/Racing|Arcade,7.9,22 Nov 1999,1999-11-22,Sissy's Magical Ponycorn Adventure,Untold Entertainment Inc.,Untold Entertainment Inc.,Browser|PC,Point-and-Click|Adventure,8.0,,,0
912104,a7942,b7666,Tony Hawk's Underground 2 Remix,Vicarious Visions|Neversoft Entertainment|Shaba Games,Activision|Jamdat Mobile|ak tronic,Game Boy Advance|GameCube|Mobile|PC|PlayStation 2|PSP|Xbox,Sports|Skateboarding/Skating,8.4,4 Oct 2004,2004-10-04,Tony Hawk's Underground 2,Neversoft,Activision,Nintendo GameCube|PC|PlayStation 2|Xbox,Sports,7.9,05 October 2004,2004-10-05,1
701300,a8237,b6304,Urban Chaos,Mucky Foot Productions,Eidos Interactive|Sold Out Software|Square Enix,Dreamcast|PC|PlayStation,Adventure|Action,7.4,30 Nov 1999,1999-11-30,Sonic Chaos,Aspect,Sega,Emulated|Nintendo GameCube|Sega Game Gear|Sega Master System,Platform,6.2,,,0
626203,a5934,b5602,Resident Evil Outbreak,Capcom,Capcom,PlayStation 2,3D|Action|Adventure|Survival,7.6,31 Mar 2004,2004-03-31,Resident Evil: Dead Aim,Capcom Production Studio 3,Capcom,PlayStation 2,Action|Shooter,5.7,17 June 2003,2003-06-17,0
227948,a1975,b1996,Dragon Ball Z: Budokai Tenkaichi,Spike,Bandai|Atari SA,PlayStation 2,Action|3D|Fighting,8.6,18 Oct 2005,2005-10-18,Dragon Ball Z: Budokai Tenkaichi,Spike,Atari|Bandai Namco|Bandai Games,PlayStation 2,Fighting,7.0,18 October 2005,2005-10-18,1
942889,a8344,b8011,Volume,Mike Bithell,Mike Bithell|Limited Run Games,Macintosh|PC|PlayStation 4|PlayStation Vita,Adventure|Action,6.7,18 Aug 2015,2015-08-18,Volume,Bithell Games,Bithell Games,PC|PlayStation 4|PlayStation Vita,Action,7.6,18 August 2015,2015-08-18,1
229714,a1967,b2003,Dragon Ball: Raging Blast,Spike,Namco Bandai Games|Bandai Namco Games,PlayStation 3|Xbox 360,Action|3D|Fighting,7.9,10 Nov 2009,2009-11-10,Dragon Ball Z: Idainaru Dragon Ball Densetsu,TOSE,Bandai,PlayStation|Sega Saturn,Action|Fighting,7.5,,,0
275384,a2402,b2356,F1 2010,Codemasters Birmingham,Codemasters,PC|PlayStation 3|Xbox 360,Driving/Racing|Simulation,8.2,21 Sep 2010,2010-09-21,F1 2011,Codemasters Birmingham,Codemasters,PC|PlayStation 3|PlayStation Vita|Xbox 360,Racing,7.3,20 September 2011,2011-09-20,0
536405,a4747,b4722,Naruto: Ninja Destiny,Takara Tomy,Takara Tomy|D3Publisher|Namco Bandai Games,DS,3D|Fighting|Action,6.7,26 Feb 2008,2008-02-26,Naruto: Clash of Ninja Revolution 2,Eighting,D3 Publisher,Wii,Action|Adventure,4.0,21 October 2008,2008-10-21,0
581613,a7172,b5146,Super Time Force,Capybara Games,Capybara Games|8-4,Linux|Macintosh|PC|PlayStation 4|PlayStation Vita|Xbox 360|Xbox One,2D|Action|Platformer,7.4,14 May 2014,2014-05-14,Phoenix Force,Awoker Games,,PC,Action|Shooter,6.8,13 November 2014,2014-11-13,0
752591,a6969,b6581,Startopia,Mucky Foot Productions,Eidos Interactive|Square Enix|Sold Out Software,PC,Management|Strategy,8.6,19 Jun 2001,2001-06-19,Startopia,Mucky Foot Productions,Eidos Interactive,PC,Simulation,8.2,2001,2001-01-01,1
63872,a8586,b596,World Class Baseball,Hudson,Hudson|Hudson Soft|NEC Interchannel,Sharp X68000|TurboGrafx-16,Simulation|Sports|Team-Based|Baseball,6.0,1989,1989-01-01,Baseball,Nintendo,Nintendo,Game Boy|NES,Sports,4.0,1989,1989-01-01,0
699641,a4150,b6293,Mario Golf: Advance Tour,Camelot Software Planning,Nintendo,Game Boy Advance,Golf|Sports|Simulation,8.5,22 Jun 2004,2004-06-22,Sonic Advance 3,Sonic Team|Dimps|Sega,THQ,Game Boy Advance,Platform|action,7.0,07 June 2004,2004-06-07,0
699513,a4611,b6292,Motocross Maniacs Advance,Konami,Konami,Game Boy Advance,Arcade|Driving/Racing,7.3,21 Mar 2002,2002-03-21,Sonic Advance 2,Sonic Team|Dimps (Co-Developer),Sega|THQ (Co-Publisher),Game Boy Advance,Platform|action,6.8,09 March 2003,2003-03-09,0
568861,a1642,b5041,Deadfall Adventures,The Farm 51,Nordic Games Publishing|Intergrow,Linux|PC|Xbox 360,First-Person|Shooter|3D|Action,6.8,20 Sep 2013,2013-09-20,Pac-Man and the Ghostly Adventures,,Bandai,Nintendo 3DS|PC|PlayStation 3|Wii U|Xbox 360,Scrolling|Platform,6.3,29 October 2013,2013-10-29,0
681696,a6443,b6110,Shovel Knight,Yacht Club Games,Yacht Club Games|Nintendo|Fangamer,3DS|Amazon Fire TV|Linux|Macintosh|Nintendo Switch|PC|PlayStation 3|PlayStation 4|PlayStation Vita|Wii U|Xbox One,2D|Platformer|Action,8.1,31 Dec 2015,2015-12-31,Shovel Knight: Plague of Shadows,Yacht Club Games,Yacht Club Games,Mac|Nintendo 3DS|Nintendo Switch|PC|PlayStation 3|PlayStation 4|PlayStation Vita|Wii U|Xbox One,Scrolling|Action|Platform,8.3,17 September 2015,2015-09-17,0
121425,a1045,b1085,Capcom vs. SNK: Millennium Fight 2000 Pro,Capcom|Klein Computer Entertainment,Capcom,Arcade Games|Dreamcast|PlayStation,2D|Action|Fighting,7.8,14 Aug 2002,2002-08-14,Capcom vs. SNK: Millennium Fight 2000 Pro,Capcom Production Studio 1,Capcom,Arcade|Dreamcast|PlayStation,Fighting,8.0,14 August 2002,2002-08-14,1
538568,a4759,b4736,Naruto Shippuden: Ultimate Ninja Storm 3 Full Burst,CyberConnect2|Bandai Namco Games,Namco Bandai Games|Bandai Namco Games,PC|PlayStation 3|PlayStation 4|Xbox 360|Xbox One,Fighting|Action|3D,8.1,22 Oct 2013,2013-10-22,Naruto Shippuden: Ultimate Ninja Storm 3 Full Burst,CyberConnect 2,Namco Bandai Games,PC|PlayStation 3|PlayStation 4|Xbox 360,,7.7,22 October 2013,2013-10-22,1
288931,a2541,b2526,Fight Night Round 2,EA Sports,EA Sports,GameCube|PlayStation 2|Xbox,Sports|Boxing,8.9,28 Feb 2005,2005-02-28,Fight Night Round 3,EA Chicago,EA Sports,PlayStation 2|PlayStation 3|PSP|Xbox 360,Sports,7.0,20 February 2006,2006-02-20,0
924719,a8129,b7812,Twisted Metal 4,989 Studios,989 Studios,PlayStation,Simulation,7.8,31 Oct 1999,1999-10-31,Twisted Metal 4,989 Studios,Sony Computer Entertainment,PlayStation,Vehicular combat,6.7,31 October 1999,1999-10-31,1
405001,a3655,b3623,KickBeat,Zen Studios,Zen Studios,PC|PlayStation 3|PlayStation 4|PlayStation Vita|Wii U|Xbox One,Music/Rhythm,6.4,3 Sep 2013,2013-09-03,KickBeat,Zen Studios,Zen Studios,PC|PlayStation 3|PlayStation Vita,Music/Rhythm,6.4,03 September 2013,2013-09-03,1
849649,a3321,b7201,Hot Wheels: Ultimate Racing,Raylight Studios,Oxygen Interactive|DSI Games,PSP,Arcade|Driving/Racing,5.9,2 Jul 2007,2007-07-02,The King of Fighters '98: Ultimate Match,SNK Playmore|Code Mystics,SNK Playmore,PC|PlayStation|PlayStation 2,Fighting,8.1,,,0
645973,a6145,b5774,Rune Factory 2: A Fantasy Harvest Moon,Neverland,Natsume|Rising Star Games|Marvelous,DS,Role-Playing,8.3,18 Nov 2008,2008-11-18,Rune Factory 2: A Fantasy Harvest Moon,Neverland Co.,JP: Marvelous Entertainment|NA: Natsume|EU: Rising Star Games,Nintendo DS,Simulation|RPG,7.9,18 November 2008,2008-11-18,1
521306,a4566,b4540,Monster Rancher,Tecmo,Tecmo,PlayStation,Strategy|Simulation,8.5,30 Nov 1997,1997-11-30,Monster Hunter Portable 3rd,Capcom,Capcom,PlayStation 3|PSP,Action|Role-playing,8.9,,,0
462948,a5771,b4127,Racing Gears Advance,Orbital Media|Inc.,Zoo Digital Publishing|Orbital Media|Inc.,Game Boy Advance,Driving/Racing|Arcade,8.5,8 Feb 2005,2005-02-08,Mario Golf: Advance Tour,Camelot Software|Planning,Nintendo,Game Boy Advance,Sports game|role-playing,7.8,22 June 2004,2004-06-22,0
20739,a7975,b187,Torment: Tides of Numenera,InXile Entertainment,Techland,Linux|Macintosh|PC|PlayStation 4|Xbox One,Role-Playing,7.8,26 Jan 2016,2016-01-26,Adventures of Mana,Square-Enix,Square-Enix,Android|iOS|PlayStation Vita,Top-Down|Action|Role-Playing,7.9,04 February 2016,2016-02-04,0
476145,a4204,b4198,Marvel vs. Capcom: Infinite,Capcom,Capcom,PC|PlayStation 4|Xbox One,2D|Fighting|Action,6.2,19 Sep 2017,2017-09-19,Marvel vs. Capcom: Infinite,Capcom,Capcom,PC|PlayStation 4|Xbox One,,6.5,19 September 2017,2017-09-19,1
500782,a4373,b4396,Meteos,Q Entertainment,Nintendo|Bandai,DS,Puzzle|Matching/Stacking,8.8,28 Jun 2005,2005-06-28,Meteos,Q Entertainment|Sora Ltd.,Bandai|Nintendo,Nintendo DS,Puzzle,8.0,27 June 2005,2005-06-27,1
285213,a2478,b2490,Fatal Frame: Maiden of Black Water,Koei Tecmo Games,Nintendo,Wii U,Action|Adventure|Survival|3D,7.1,22 Oct 2015,2015-10-22,Fatal Frame IV: Mask of the Lunar Eclipse,Tecmo|Grasshopper Manufacture,Nintendo,Wii,,7.1,,,0
856400,a7575,b7232,The Legend of Zelda: Tri Force Heroes,Nintendo,Nintendo,3DS,Action|Adventure,6.8,23 Oct 2015,2015-10-23,The Legend of Heroes: Trails of Blue,Nihon Falcom,,PlayStation Vita|PSP,Role-Playing,9.1,,,0
746967,a6939,b6560,Star Wars: The Clone Wars,Pandemic Studios,Electronic Arts|Activision|LucasArts,GameCube|PlayStation 2|Xbox,3D|Action|Shooter|Third-Person,7.4,28 Oct 2002,2002-10-28,Star Wars: The Clone Wars,Pandemic Studios,LucasArts,Nintendo GameCube|PlayStation 2|Xbox,Action,6.6,28 October 2002,2002-10-28,1
922773,a8098,b7780,Tropico,PopTop Software|Various|BreakAway Games,MacSoft|ak tronic|Take-Two Interactive|E-Frontier|Gathering,Macintosh|PC,Management|Strategy,8.3,5 Apr 2001,2001-04-05,Tropico,PopTop Software,Gathering of Developers (Windows)|MacSoft/Feral Interactive (Mac),PC,Strategy|Simulation,6.9,24 April 2001,2001-04-24,1
641053,a6046,b5713,Robinson: The Journey,Crytek,Crytek|Sony Interactive Entertainment,PC|PlayStation 4,Adventure|Action,8.0,8 Nov 2016,2016-11-08,Robinson: The Journey,Crytek,Crytek,PlayStation 4|PlayStation VR,Virtual Reality,6.3,08 November 2016,2016-11-08,1
495681,a4365,b4360,Metal Slug 7,SNK Playmore,SNK Playmore|Ignition Entertainment,DS,Action|2D|Shoot-'Em-Up,7.8,18 Nov 2008,2008-11-18,Metal Gear (MSX),Konami,Konami,MSX|PlayStation 2|PlayStation 3|PlayStation Vita|Xbox 360,Stealth,7.1,,,0
907974,a7891,b7628,Tom Clancy's Rainbow Six Critical Hour,Ubisoft Quebec,Ubisoft,Xbox,Tactical|Action|First-Person|Shooter,6.4,14 Mar 2006,2006-03-14,Tom Clancy's Splinter Cell: Chaos Theory,Ubisoft Montreal|Ubisoft Annecy,Ubisoft,Nintendo GameCube|PC|PlayStation 2|PlayStation 3|Xbox|Xbox 360,Third-Person|Stealth,8.3,28 March 2005,2005-03-28,0
724648,a6864,b6497,Star Ocean,TOSE|Tri-Ace,Square Enix|Enix Corporation,PSP|Super Nintendo,Role-Playing|Action,8.2,19 Jul 1996,1996-07-19,Star Fox 64,Nintendo EAD,Nintendo,Nintendo 64|PC|Wii|Wii U,Flight Combat,8.4,30 June 1997,1997-06-30,0
801436,a7777,b6832,Three Fourths Home,[bracket]games,[bracket]games|Digerati Distribution,Linux|Macintosh|PC|PlayStation 4|PlayStation Vita|Xbox One,Adventure|Text-Based,5.0,3 Aug 2014,2014-08-03,Sweet Home,Capcom,Capcom,NES,Survival Horror,7.4,,,0
960315,a8512,b8168,Wii Sports Resort,Nintendo,Nintendo,Wii,Sports,8.3,26 Jul 2009,2009-07-26,Wii Sports Resort,Nintendo EAD,Nintendo,Wii,,7.7,26 July 2009,2009-07-26,1
447513,a3953,b3954,Looney Tunes Racing,Xantera|Circus Freak,Infogrames,Game Boy Color|PlayStation,Arcade|Driving/Racing,6.9,13 Nov 2000,2000-11-13,Looney Tunes: Sheep Raider,Infogrames,Infogrames,PC|PlayStation,,7.3,27 September 2001,2001-09-27,0
404185,a8128,b3604,Twisted Metal (2012),Eat Sleep Play,SCE Australia|SCEA|SCEI|SCEE,PlayStation 3,Simulation,8.2,14 Feb 2012,2012-02-14,Karateka (2012),Liquid Entertainment,D3 Publisher,PC|Xbox 360,Action|Adventure|Fighting,6.1,07 November 2012,2012-11-07,0
988200,a2739,b8439,Fritz 8 Deluxe,ChessBase,Viva Media|LLC,PC,Trivia/Board Game,8.2,1 Dec 2004,2004-12-01,Zuma Deluxe,PopCap Games|Inc.,PopCap Games|Inc.,PC,,6.9,12 December 2003,2003-12-12,0
405300,a3667,b3631,Killer7,Grasshopper Manufacture,Capcom,GameCube|PlayStation 2,Adventure|Action,8.2,7 Jul 2005,2005-07-07,Killer7,Grasshopper Manufacture,Capcom,Nintendo GameCube|PlayStation 2,Action-adventure|rail shooter|first-person shooter,8.1,07 July 2005,2005-07-07,1
185178,a1615,b1642,Dead or Alive,Team Ninja,Tecmo|SCEE,Arcade Games|PlayStation|Saturn,3D|Action|Fighting,7.7,1996,1996-01-01,Dead or Alive Xtreme 3: Fortune,Team Ninja,Koei Tecmo,PlayStation 4|PlayStation Vita,Sports,7.3,,,0
619238,a5873,b5546,Realms of the Haunting,Gremlin Interactive,Interplay|KISS Ltd.,PC,Action|Adventure|Survival|3D,8.6,31 Dec 1997,1997-12-31,Realms of the Haunting,Gremlin Interactive,Gremlin Interactive|Interplay|KISS|Funbox Media,PC,First-Person|Point-and-Click|Action|Adventure|Shooter|Survival|Survival Horror,7.5,31 December 1996,1996-12-31,1
500097,a4342,b4388,Metal Dungeon,Panther Software,Panther Software|Xicat Interactive,Xbox,Action|Role-Playing,4.7,15 Dec 2002,2002-12-15,Metal Slug 6,SNK Playmore,Sega|SNK Playmore,Arcade|PlayStation 2|PlayStation 4|PSP|Wii,Run and Gun,7.7,,,0
358077,a1266,b3134,Color Guardians,Fair Play Labs,Niffler Ltd|Fair Play Labs|CrossFunction,Macintosh|PC|PlayStation 4|PlayStation Vita,3D|Action|Platformer,5.1,12 May 2015,2015-05-12,Halo 5: Guardians,343 Industries,Microsoft Studios,Xbox One,First-Person|Shooter,7.7,27 October 2015,2015-10-27,0
381108,a3284,b3315,Hogs of War,Infogrames|Infogrames Sheffield,Infogrames|ak tronic|Alternative Software|Zoo Digital Publishing|SCEA,PC|PlayStation,Turn-Based|Strategy,8.4,5 Sep 2000,2000-09-05,Hogs of War,Infogrames Studios|Sheffield House,Infogrames,PlayStation,Turn-Based Tactics,7.7,05 August 2000,2000-08-05,1
659691,a6265,b5940,Scurge: Hive,Orbital Media|Inc.,SouthPeak Games,DS|Game Boy Advance,Action|Adventure,7.3,31 Oct 2006,2006-10-31,Scurge: Hive,Orbital Media,SouthPeak Interactive,Game Boy Advance|Nintendo DS,Action|Adventure,6.5,24 October 2006,2006-10-24,1
419948,a861,b3722,Bonk 3: Bonk's Big Adventure,Hudson,Turbo Technologies|Inc.|Hudson|Hudson Soft|D4 Enterprise|Konami,Turbo CD|TurboGrafx-16,Action|Platformer|2D,7.7,1993,1993-01-01,Kirby's Adventure,HAL Laboratory,Nintendo,Emulated|NES|Nintendo 3DS|Wii|Wii U,,7.9,01 May 1993,1993-05-01,0
918767,a7665,b7738,The Shield: The Game,Point of View,Aspyr,PC|PlayStation 2,Shooter|Third-Person|3D|Action,5.2,9 Jan 2007,2007-01-09,Transformers: The Game,Traveller,Activision,PC|PlayStation 2|PSP|Wii|Xbox 360,Third-Person|Shooter,5.9,26 June 2007,2007-06-26,0
762492,a7040,b6642,Streets of Rage,M2|Sega|Biox,Sega|Samsung|Tec Toy,3DS|Android|GameGear|Genesis|iOS (iPhone/iPad)|PC|Sega Master System,2D|Beat-'Em-Up|Action,8.3,1991,1991-01-01,Streets of Rage,Sega AM7|MNM Software,Sega,Nintendo 3DS|PC|PlayStation 3|Sega Game Gear|Sega Master System|Sega Mega Drive/Genesis|Wii|Xbox 360,Beat 'em Up,7.7,September 1991,1991-09-01,1
931885,a4294,b7876,Mega Man Legacy Collection,Digital Eclipse,Capcom,3DS|PC|PlayStation 4|Xbox One,Compilation,8.3,25 Aug 2015,2015-08-25,Uncharted: The Nathan Drake Collection,Bluepoint Games,Sony Computer Entertainment,PlayStation 4,Third-Person|Action|Adventure,8.8,09 October 2015,2015-10-09,0
692063,a6550,b6201,SkyDrift,Digital Reality,Kalypso|Digital Reality,PC|PlayStation 3|Xbox 360,Driving/Racing|Arcade,7.4,6 Sep 2011,2011-09-06,SkyDrift,Digital Reality,Digital Reality,PC|Xbox 360,Action|Racing,7.1,07 September 2011,2011-09-07,1
941855,a2417,b7998,F24: Stealth Fighter,Skyworks Technologies,Majesco Games|Eidos Interactive,DS|Game Boy Advance,Simulation|Flight,3.9,13 Feb 2007,2007-02-13,Virtua Fighter 5,Sega-AM2,Sega,PlayStation 3|Xbox 360,Fighting,7.5,20 February 2007,2007-02-20,0
229441,a1956,b2002,Dragon Age: Inquisition,BioWare|Electronic Arts,BioWare|Electronic Arts,PC|PlayStation 3|PlayStation 4|Xbox 360|Xbox One,Role-Playing|Action|Third-Person|Adventure|3D,8.0,18 Nov 2014,2014-11-18,Dragon Ball Z: Hyper Dimension,TOSE,Bandai,Super Nintendo,Fighting|Action,7.8,,,0
827466,a1767,b7028,Devil May Cry HD Collection,Pipeworks Software|Inc.,Capcom,PC|PlayStation 3|PlayStation 4|Xbox 360|Xbox One,Compilation,8.4,29 Mar 2012,2012-03-29,The Basement Collection,Edmund McMillen,Valve Corporation,PC,Adventure|Platform|Strategy,7.0,31 August 2012,2012-08-31,0
445067,a3927,b3924,LittleBigPlanet 3,Sumo Digital,SCEE|SCEA|SCEI|SCE Australia,PlayStation 3|PlayStation 4,2D|Platformer|Action,7.4,18 Nov 2014,2014-11-18,LittleBigPlanet 3,Sumo Digital|XDev Europe,Sony Computer Entertainment,PlayStation 3|PlayStation 4,Platform|Puzzle,6.8,18 November 2014,2014-11-18,1
808766,a3139,b6897,Hand of Fate,Defiant Development,Defiant Development,Linux|Macintosh|PC|PlayStation 4|Xbox One,Trivia/Board Game,7.5,7 Jul 2014,2014-07-07,Tales of Hearts,Namco Tales Studio,Namco Bandai,Nintendo DS,Role-Playing,7.8,,,0
968092,a2599,b8229,Final Fantasy XV,Square Enix,Square Enix|Koch Media,PC|PlayStation 4|Xbox One,Action|Role-Playing,7.7,29 Nov 2016,2016-11-29,World of Final Fantasy,Square Enix,Square Enix,PC|PlayStation 4|PlayStation Vita,Third-Person|Top-Down|Role-Playing,7.8,25 October 2016,2016-10-25,0
404638,a135,b3617,Affordable Space Adventures,KnapNok Games,KnapNok Games|Rainy Frog,Wii U,Shoot-'Em-Up|Action|2D,7.8,9 Apr 2015,2015-04-09,Kerbal Space Program,Squad,Squad,PC,Simulation,8.6,27 April 2015,2015-04-27,0
785238,a7119,b6765,Super Mario 3D Land,Nintendo,Nintendo,3DS,3D|Platformer|Action,8.6,13 Nov 2011,2011-11-13,Super Monkey Ball 3D,Dimps,Sega,Nintendo 3DS,Party,5.8,27 March 2011,2011-03-27,0
93981,a833,b866,Bodycount (2011),Guildford Studio,Codemasters,PlayStation 3|Xbox 360,First-Person|Shooter|3D|Action,5.0,30 Aug 2011,2011-08-30,Bodycount,Guildford Studio,Codemasters,PlayStation 3|Xbox 360,First-person shooter,5.2,30 August 2011,2011-08-30,1
122108,a1051,b1091,Captain Toad: Treasure Tracker,Nintendo EAD Tokyo,Nintendo,3DS|Nintendo Switch|Wii U,3D|Action|Platformer,8.1,5 Dec 2014,2014-12-05,Captain Morgane and the Golden Turtle,Wizarbox,Reef Entertainment,PC|PlayStation 3,Adventure,6.5,,,0
613678,a6296,b5483,Sega GT Online,Wow Entertainment,Sega,Xbox,Driving/Racing|Simulation,7.2,27 Jan 2004,2004-01-27,Ragnarok Online,GRAVITY,GRAVITY,PC,Massively Multiplayer|Role-Playing,8.0,01 June 2003,2003-06-01,0
945009,a8691,b8036,WWE SmackDown vs. Raw 2010,Yuke's|THQ Wireless,THQ|THQ Wireless,DS|iOS (iPhone/iPad)|Mobile|PlayStation 2|PlayStation 3|PSP|Wii|Xbox 360,Wrestling|Action|Fighting,8.2,20 Oct 2009,2009-10-20,WWE SmackDown vs. Raw 2009,Yuke's|TOSE (Nintendo DS),THQ,Nintendo DS|PlayStation 2|PlayStation 3|Xbox 360,Fighting,6.9,09 November 2008,2008-11-09,0
517591,a4476,b4512,Mister Mosquito,Zoom,SCEI|Eidos Interactive,PlayStation 2,Shooter|Third-Person|3D|Action,7.1,12 Mar 2002,2002-03-12,Mister Mosquito,Zoom,JP: Sony Computer Entertainment|NA/PAL: Eidos Interactive,PlayStation 2,Third-Person|Action|Simulation,5.7,13 March 2002,2002-03-13,1
294782,a2567,b2555,Final Fantasy Crystal Chronicles: The Crystal Bearers,Square Enix,Square Enix,Wii,Action|Role-Playing,7.3,26 Dec 2009,2009-12-26,Final Fantasy IV: The After Years,Matrix Software|Square Enix,,Android|iOS|PC|PlayStation Vita|PSP|Wii,Role-Playing,7.0,01 June 2009,2009-06-01,0
910270,a7918,b7643,Tomb Raider III: Adventures of Lara Croft,Core Design Ltd.,Aspyr|Square Enix|Eidos Interactive|SoftKey|SCEA,Macintosh|PC|PlayStation,Adventure|Action,7.8,21 Nov 1998,1998-11-21,Tomb Raider: The Last Revelation,Core Design,Eidos Interactive,Dreamcast|PC|PlayStation,,7.1,31 October 1999,1999-10-31,0
203131,a1823,b1819,Disciples II: Dark Prophecy,Strategy First,Strategy First|Mindscape Inc.,PC,Strategy|Turn-Based,8.4,22 Jan 2002,2002-01-22,Disciples II: Dark Prophecy,Strategy First,Infogrames|Stardock,PC,Fantasy turn-based strategy,7.0,24 January 2002,2002-01-24,1
924644,a3633,b7811,Karateka (2012),Liquid Entertainment,Karateka LLC|D3Publisher,iOS (iPhone/iPad)|PC|PlayStation 3|Wii U|Xbox 360,Action,5.9,7 Nov 2012,2012-11-07,Twisted Metal (2012),Eat Sleep Play,Sony Computer Entertainment,PlayStation 3,Car Combat,6.6,14 February 2012,2012-02-14,0
730770,a6903,b6523,Star Wars Battlefront: Renegade Squadron,Rebellion,LucasArts,PSP,Action|Shooter|Third-Person|3D,8.2,9 Oct 2007,2007-10-09,Star Wars Battlefront: Renegade Squadron,Rebellion Developments,LucasArts,PSP,Third-Person Shooter,6.3,09 October 2007,2007-10-09,1
